Station_Name,Lon,Lat,Alti,Time,TEM_Avg
﻿安福村,102.68,25.95,2304,2020/01/01,9.6
﻿中槽子,102.88,26.04,2334,2020/01/01,5.3
﻿宝丰乡,99.36,25.81,1610,2020/01/01,10.2
﻿昙华,101.23,25.95,2716,2020/01/01,5.4
﻿北斗村,102.98,24.85,1786,2020/01/01,12.8
﻿猴桥,98.3,25.27,1735,2020/01/01,7.5
﻿会仪站,104.25,28.65,402,2020/01/01,10.5
﻿黄茅岭,102.75,23.01,777,2020/01/01,18.7
﻿马过河,103.4,25.45,1920,2020/01/01,9.4
﻿新城,100.19,22.79,1360,2020/01/01,12.4
﻿班岭农场,97.92,24.08,811,2020/01/01,13
﻿石灰窑,99.43,23.64,1646,2020/01/01,10.8
﻿三岔河村,100.65,24.71,1452,2020/01/01,12
﻿片角,100.59,26,1520,2020/01/01,13.2
﻿巧家,102.93,26.92,893.9,2020/01/01,17.5
﻿罗柴冲小学,101.59,24.19,1519,2020/01/01,14.1
﻿曙光,105.07,23.71,1550,2020/01/01,12.9
﻿双河,104.41,26.61,1606,2020/01/01,10
﻿大兴站,103.38,27.7,687,2020/01/01,13.1
﻿潇湘,103.76,25.42,1970,2020/01/01,10.7
﻿荨麻箐,102.64,26.05,2457,2020/01/01,5.7
﻿大厂,98.38,24.77,1791,2020/01/01,10.4
﻿撒营盘,102.53,26,2237,2020/01/01,8
﻿富民,101.6,24.99,1811,2020/01/01,10.3
﻿维的,101.64,26.14,1620,2020/01/01,11
﻿竹蓬村,100.85,24.25,1195,2020/01/01,11.8
﻿木卓,104.82,27.69,1410,2020/01/01,4.7
﻿冲头,103.68,24.06,1922,2020/01/01,11.7
﻿东回,99.8,22.44,1429,2020/01/01,15.8
﻿巴拉格宗,99.45,28.3,2260,2020/01/01,5.3
﻿博尚,100.06,23.72,1706,2020/01/01,10.6
﻿褚橙庄园,101.62,24.29,1080,2020/01/01,16.4
﻿关上,102.74,25.01,1908,2020/01/01,12.9
﻿华坪,101.27,26.63,1230.8,2020/01/01,12.2
﻿伍寨,103.52,27.61,2301,2020/01/01,6.4
﻿以则村,103.26,25.67,1900,2020/01/01,10.6
﻿海埂公园,102.67,24.96,1820,2020/01/01,12.3
﻿保山,99.18,25.12,1652.2,2020/01/01,11.2
﻿环州,101.99,25.87,2170,2020/01/01,8.9
﻿东风三区,100.65,21.69,726,2020/01/01,17.5
﻿法斗,104.78,23.38,1354,2020/01/01,13.2
﻿座舍,103.66,26.29,1665,2020/01/01,10.7
﻿禄劝,102.45,25.55,1750.9,2020/01/01,10.4
﻿羊甫,102.78,24.97,1940,2020/01/01,12.6
﻿双廊镇,100.18,25.94,2108,2020/01/01,8.1
﻿芝兰,102.47,26.05,2153,2020/01/01,6.7
﻿小芹菜塘村,100.52,24.07,1987,2020/01/01,13
﻿红甸乡,103.98,23.65,1461,2020/01/01,14.6
﻿龙泉,103.7,27.38,1969,2020/01/01,8.1
﻿三台,101.08,26.01,2127,2020/01/01,8.4
﻿竹子,101.99,24.64,2280,2020/01/01,9.6
﻿马店村委会,103,25.94,2318,2020/01/01,8.5
﻿明光,98.59,25.74,2132.5,2020/01/01,5.7
﻿富源,104.25,25.68,1925.8,2020/01/01,11.4
﻿芒信,99.58,22.16,937,2020/01/01,15.8
﻿圈内,100.1,23.62,1646,2020/01/01,10.9
﻿炼铁乡,99.8,25.99,2042,2020/01/01,8
﻿莫里农场,97.78,24,816,2020/01/01,14.7
﻿勐邦水库,100.28,21.92,1258,2020/01/01,15.5
﻿新庄,101.19,26.58,1215,2020/01/01,11.7
﻿澜沧,99.93,22.57,1054.8,2020/01/01,15.7
﻿祥城镇,100.6,25.54,2012,2020/01/01,9.9
﻿德苴,100.43,25.23,1798,2020/01/05,12.2
﻿金塘,102.99,26.78,710.2,2020/01/01,17.9
﻿双龙乌龙,102.85,25.11,2154,2020/01/01,9.5
﻿景讷,100.77,22.44,939,2020/01/01,16.6
﻿平山,97.77,24.38,1449,2020/01/01,10.1
﻿新街,100.46,25.38,1696,2020/01/01,10.1
﻿磨味小学,101.64,23.73,1950,2020/01/01,12.3
﻿俄扎,102.57,22.95,1306,2020/01/01,15.3
﻿红岩,100.42,25.35,1750,2020/01/01,11.3
﻿永康,99.46,24.11,843,2020/01/01,14.5
﻿牛寨站,104.37,28.12,1104,2020/01/01,5.5
﻿柳井乡,104.31,23.21,1426,2020/01/01,15.4
﻿耇街,99.8,24.99,2146,2020/01/01,10.7
﻿者米,102.69,22.78,720,2020/01/01,18.9
﻿三腊电站,105.51,23.75,921,2020/01/01,15.5
﻿尼鲊,102.07,23.93,1689,2020/01/01,13.7
﻿桃苴,101.73,26.17,1660,2020/01/01,11.9
﻿江边,101.88,25.96,980,2020/01/01,16.3
﻿新厂,99.48,22.85,1339,2020/01/01,14.7
﻿力所,99.46,22.66,1435,2020/01/01,14.8
﻿坝美,105.07,24.26,859,2020/01/01,15.1
﻿勐满四分场,101.22,21.4,576,2020/01/07,20.4
﻿大庄,101.83,24.73,1443,2020/01/01,11.3
﻿大兴乡,99.8,23.8,1934,2020/01/01,12.1
﻿禄裱滑石板村,102.2,25.09,2195,2020/01/01,9.7
﻿宁洱隧道,101.15,23.09,1545,2020/01/01,13.1
﻿红桥,100.8,27.43,2452,2020/01/01,3.6
﻿雨花办事处,102.83,24.84,1924,2020/01/01,11.9
﻿木杆站,103.97,28.15,1190,2020/01/01,5.6
﻿岔科,103.05,23.88,1350,2020/01/01,14.4
﻿坡头,102.86,23.38,1779,2020/01/01,12
﻿大哨,102.12,23.73,1975,2020/01/01,13.1
﻿固东,98.49,25.36,1707,2020/01/01,8.9
﻿虎跳峡,100.03,27.2,1945,2020/01/01,6.7
﻿月望,103.63,25.34,2081.4,2020/01/01,9.8
﻿团结,99.57,23.29,1802,2020/01/01,11.7
﻿河尾,102.01,24.61,1968,2020/01/01,12.1
﻿乌龙,103.1,26.03,1490.2,2020/01/01,15.4
﻿龙泉村,102.92,25.62,2390,2020/01/01,8
﻿大村,102.99,24.5,1892,2020/01/01,12.3
﻿古林箐,103.96,22.81,1454,2020/01/02,14.2
﻿朵美乡,100.38,26.17,1256,2020/01/01,13.4
﻿大过口,101.15,24.88,1920,2020/01/01,9.4
﻿尼西,99.5,28.05,3135,2020/01/01,0.6
﻿曼岗,100.35,23.96,822,2020/01/01,13.2
﻿螺丝塘,103.39,24.95,2033,2020/01/01,11.6
﻿黎明,101.45,22.78,1158,2020/01/01,15.3
﻿小密枝,103.32,24.93,1944,2020/01/01,12
﻿洼垤,102.28,23.55,1450,2020/01/01,15.5
﻿屏山镇旧铁厂水库,102.39,25.66,2273,2020/01/01,8.9
﻿景哈,100.9,21.84,560,2020/01/01,18.9
﻿凤云村,100.17,24.98,1499.3,2020/01/01,13.3
﻿莲峰,103.59,27.68,2225,2020/01/01,3.8
﻿泸西,103.77,24.53,1704.3,2020/01/01,12.5
﻿翠华,102.58,25.63,1710,2020/01/01,10.8
﻿糯扎渡,100.27,22.59,1170,2020/01/01,15.5
﻿永丰,103.67,27.25,1914,2020/01/01,9
﻿宜良耿家营,103.4,25.03,1737,2020/01/01,12.8
﻿江底,103.6,27.01,1462,2020/01/01,12.7
﻿者拉,101.95,24.54,2080,2020/01/01,11.3
﻿韩所,102.19,24.7,1577,2020/01/01,11.8
﻿大浪坝水库,99.61,23.63,1840,2020/01/10,12.2
﻿江城白家营,102.75,24.46,1828,2020/01/01,11.2
﻿十里,102.76,25.03,1967,2020/01/01,12.2
﻿南洒,102.09,23.51,576,2020/01/01,19.6
﻿翁堵,99.55,24.71,1457,2020/01/01,10.9
﻿建水,102.83,23.62,1309.3,2020/01/01,16.1
﻿龙潭,104.01,26.41,1870,2020/01/01,9.5
﻿嘎洒,100.77,21.97,555,2020/01/01,18.9
﻿荷花,98.4,24.98,1313,2020/01/01,10.9
﻿曩宋,98.37,24.88,1056,2020/01/01,13
﻿德化,100.87,23,1333,2020/01/01,13.6
﻿十里村,102.76,24.65,1922,2020/01/01,11.4
﻿栗树,100.41,24.23,1602,2020/01/01,17.5
﻿帽天山,102.98,24.66,2029,2020/01/01,12
﻿曰者,104.01,24.17,1462,2020/01/01,13.7
﻿楼坝,104.35,28.56,335,2020/01/01,10.1
﻿青树,101.63,23.96,1040,2020/01/01,17
﻿滑坡,102.3,25.51,2307,2020/01/01,9
﻿向阳,103.89,24.49,2029,2020/01/01,10.9
﻿大营,102.52,25.23,1706,2020/01/01,12.4
﻿田坪,101.19,26.7,1703,2020/01/01,11.7
﻿果珠,104.99,27.61,1307,2020/01/01,4.9
﻿中闸,102.74,24.98,1923,2020/01/01,12.9
﻿剑川象图,99.55,26.3,2500,2020/01/01,5.6
﻿猫街,102.15,25.53,2022,2020/01/01,8.6
﻿大理镇阳和,100.16,25.67,2165,2020/01/01,8.4
﻿团结站,103.85,28.21,607,2020/01/01,9.4
﻿云岭,98.87,28.32,2280,2020/01/01,6.5
﻿白龙村,103.33,25.82,2152,2020/01/01,9.7
﻿西布河,100.79,27,2200,2020/01/01,5.5
﻿小板桥,102.77,24.98,1917,2020/01/01,12.6
﻿四楞坝,98.91,24.04,1133,2020/01/01,13.2
﻿迁营,100.42,23.43,1116,2020/01/01,13.6
﻿东旺,99.68,28.58,2480,2020/01/01,6.2
﻿瓦房,99.07,25.37,1786,2020/01/01,9.9
﻿大街,101.04,24.35,1395,2020/01/01,12
﻿乐居,103.59,27.36,1930,2020/01/01,6.6
﻿青龙学校,102.32,25.02,1830,2020/01/01,8.9
﻿八布,104.89,23.23,506,2020/01/01,18.5
﻿大寺茶叶,99.89,24.7,1720,2020/01/01,10.8
﻿都龙,104.52,22.91,1313,2020/01/01,14.6
﻿黄明,100.38,27.68,2373,2020/01/01,8.1
﻿三角水库,103.6,24.7,2113,2020/01/01,10.4
﻿勐马,99.38,22.24,926.3,2020/01/01,15.6
﻿二街廉租房,102.48,24.7,1930,2020/01/01,9.5
﻿中屯,101.48,25.39,1885,2020/01/01,9.2
﻿南岛河咖啡,101.01,22.61,1070,2020/01/01,15.6
﻿班岭口岸,97.63,24.01,860,2020/01/01,13.7
﻿宣威,104.08,26.22,1984.2,2020/01/01,11.3
﻿小湾镇,100.08,24.67,1550,2020/01/01,13.4
﻿垭口村,100.85,24.57,1786,2020/01/01,11.8
﻿银桥,100.13,25.76,1993,2020/01/01,9.8
﻿俄罗村,97.71,23.9,741,2020/01/01,14.5
﻿八街车木河水库,102.36,24.62,1958,2020/01/01,9.6
﻿石板,101.69,25.45,1880,2020/01/01,10.4
﻿木戛,99.63,22.99,1326,2020/01/01,13.3
﻿化桃箐,103.4,25.7,2053,2020/01/01,9.7
﻿永平,100.32,23.6,1107,2020/01/01,12.8
﻿林家铺子,98.7,25.29,2165,2020/01/01,6.9
﻿六合乡,100.33,26.4,1852,2020/01/01,7.3
﻿杨家湾村,103.08,25.88,2099,2020/01/01,8.6
﻿东峨,101.87,23.71,775,2020/01/01,18.4
﻿白石镇,99.43,26.19,2128,2020/01/01,6.1
﻿勐罕镇,100.93,21.85,545,2020/01/01,20.5
﻿基诺,101,22.04,896,2020/01/01,17.1
﻿金马,103.75,24.63,1773,2020/01/01,11.8
﻿草铺王家滩村,102.32,24.89,1800,2020/01/01,9.2
﻿石羊,101.1,25.85,1507,2020/01/01,9.9
﻿前卫小学,103.35,25.3,1712,2020/01/01,9.8
﻿河西 ,99.38,26.87,2098,2020/01/01,5.6
﻿苏海,102.87,25.29,1990,2020/01/01,9.8
﻿勐腊一区场部,101.67,21.42,701,2020/01/01,19.8
﻿木老元,99.32,24.72,1760,2020/01/01,11.2
﻿舍块村委会,102.83,26.24,1884,2020/01/01,13.1
﻿河外,98.88,23.55,1340,2020/01/01,12.4
﻿团结大兴,102.56,25,2100,2020/01/01,9
﻿永平,100.32,23.33,1328,2020/01/01,13
﻿铜厂,102.03,24.72,2125,2020/01/01,8.9
﻿水寨,99.33,25.25,2292,2020/01/01,7.7
﻿国庆,101.87,22.64,1140,2020/01/01,14.9
﻿瑶区新山,101.52,21.85,1303,2020/01/01,16.1
﻿绿溪村,102.31,24.49,1928.7,2020/01/01,9.9
﻿博厚,101.08,26.13,2435,2020/01/01,7.4
﻿仁和,101.02,26.47,1340,2020/01/01,11.6
﻿弄巴水库,99.47,23.56,1138,2020/01/01,13.5
﻿羊拉乡,99.08,28.95,3107,2020/01/01,2
﻿羊拉铜矿,99.12,28.92,2908,2020/01/01,4.5
﻿曼歇坝隧道,100.94,22.75,1286,2020/01/01,15.7
﻿倘甸,102.91,25.75,2149,2020/01/01,8.7
﻿碧溪乡,100.3,24.92,2293,2020/01/01,9
﻿芒棒,98.4,24.42,899,2020/01/01,13.7
﻿遮放农场,98.18,24.2,827,2020/01/01,14.6
﻿雄壁,103.82,24.87,2111,2020/01/01,11
﻿春和,102.53,24.4,1646,2020/01/01,13.3
﻿希望,102.52,25.77,1795,2020/01/01,8.9
﻿那澜,100.57,22.57,758,2020/01/01,17.9
﻿太忠,100.94,24.5,1435,2020/01/01,11.6
﻿芒艾,99.26,23.65,838,2020/01/01,15.8
﻿天保,104.84,22.94,138,2020/01/01,20.4
﻿畹町工委,98.05,24.08,835,2020/01/01,14.8
﻿宝秀,102.58,23.52,1440,2020/01/01,14
﻿布能村,103.01,25.32,1938,2020/01/01,10.9
﻿火德红,103.47,27.04,2322,2020/01/01,8.5
﻿菌子山,104.15,24.64,2400,2020/01/01,10.5
﻿麻栗坡,104.7,23.13,1093.4,2020/01/01,15.3
﻿马鸣,103.38,25.28,2021,2020/01/01,10.9
﻿腾冲,98.51,24.98,1695.9,2020/01/01,9.4
﻿大街,102.75,24.29,1732,2020/01/01,13.1
﻿新营盘,101.82,24.14,2020,2020/01/01,12.2
﻿老乐业,103.47,26.62,1878,2020/01/01,10.3
﻿锡矿,98.25,24.9,2540,2020/01/01,10.1
﻿勐满三区,101.25,21.31,759,2020/01/01,19
﻿石寨村,102.69,24.72,1893,2020/01/01,12
﻿永平水泄,99.71,25.2,1689.3,2020/01/01,11.2
﻿卡斯,99.41,24.8,934,2020/01/01,14.1
﻿响水坝,103.82,25.18,1855,2020/01/01,11.2
﻿丙拐村,100.58,24.27,2055,2020/01/01,10.7
﻿铁锁,100.95,26.12,1930,2020/01/01,9.4
﻿方旺社区,102.79,25.03,1962,2020/01/01,11.5
﻿九龙,102.77,25.73,2072,2020/01/01,8.3
﻿三百亩村,102.83,24.49,2050,2020/01/01,11.4
﻿大哨,102.97,25.43,2543,2020/01/01,6.7
﻿永善,103.62,28.24,975.6,2020/01/01,8.3
﻿五珠,104.69,23.8,1622,2020/01/01,12.7
﻿帕亮,99.47,22.28,1377,2020/01/01,15
﻿开远,103.29,23.72,1195.5,2020/01/01,17.3
﻿团结,99.36,23.54,1229,2020/01/01,13.4
﻿磨黑,101.15,23.15,1226,2020/01/01,13.8
﻿和平,103.26,25.5,1866,2020/01/01,11.2
﻿太平水库,103.53,24.45,1583,2020/01/01,13.2
﻿一寨两国旅游气象站,97.8,23.96,751,2020/01/01,14.4
﻿龙街,100.86,24.62,1416,2020/01/01,10.8
﻿东门,102.75,24.71,1910,2020/01/01,12.2
﻿宝华,102.37,23.29,1683,2020/01/01,14.7
﻿石林,103.26,24.75,1695.8,2020/01/01,13.2
﻿县街小箐口村,102.35,24.8,1963,2020/01/01,9.7
﻿施甸,99.18,24.73,1471.2,2020/01/01,12.2
﻿宾居镇 ,100.51,25.69,1539,2020/01/01,12.6
﻿王三屯,103.72,25.54,1860,2020/01/01,10.7
﻿糯良,99.33,23.24,1645.8,2020/01/01,10.3
﻿力角镇,100.59,25.93,1467,2020/01/01,12.9
﻿旧圃,103.66,27.39,1900,2020/01/01,7.2
﻿尹武村,103.43,25.81,1935,2020/01/01,10.7
﻿双龙集贸市场,103.27,24.76,1679,2020/01/01,13.6
﻿官渡区一中,102.75,24.96,1891,2020/01/01,12.3
﻿漫湾,100.45,24.58,955,2020/01/01,16.6
﻿格朗和,100.57,21.86,1415,2020/01/01,14.7
﻿竹园,103.41,24.11,1176,2020/01/01,16.6
﻿拉线,97.8,24.26,913,2020/01/01,13.1
﻿马嘎村,103.19,25.72,2350,2020/01/01,8.5
﻿牛街,102.44,23.45,1670,2020/01/01,13.8
﻿大平掌,99.73,22.61,1572,2020/01/01,13.4
﻿杉树,104.44,27.68,1204,2020/01/01,7.7
﻿草甸,103.05,24.87,1884,2020/01/01,12.8
﻿发窝,102.29,25.88,2213,2020/01/01,7
﻿鸭子塘水库,100.18,24.01,2190,2020/01/01,8.5
﻿文新大道,104.24,23.38,1271,2020/01/01,16.7
﻿葵山,103.8,24.77,1854,2020/01/01,11
﻿柯渡新沙,102.86,25.49,1915,2020/01/01,9.5
﻿小坝,104.53,25.51,1577.1,2020/01/01,12.2
﻿银桥镇双阳,100.12,25.72,2180,2020/01/01,8.5
﻿凤庆,99.93,24.58,1569,2020/01/01,11.9
﻿板蚌,105.47,23.92,490,2020/01/01,17.8
﻿川街,102.07,24.97,1579,2020/01/01,11.9
﻿振太,100.66,23.94,1544,2020/01/01,12
﻿卡机村委会,102.79,26.03,2308,2020/01/01,10
﻿宰割村,103.1,25.04,2255,2020/01/01,9.4
﻿勐腊二区场部,101.58,21.43,643,2020/01/01,18.3
﻿元江,101.97,23.63,506.8,2020/01/01,20.2
﻿遮奈,100.05,24.07,1184,2020/01/01,13.9
﻿大可,103.23,24.6,1692,2020/01/01,13.2
﻿安化三家,102.66,24.37,1753,2020/01/01,10
﻿塔城,99.56,27.49,1914,2020/01/01,6.5
﻿纲纪村,103.35,25.78,2089,2020/01/01,10.8
﻿寻甸甸沙海尾,103.11,25.62,2196,2020/01/01,9.4
﻿弥兴,101.15,25.4,1928,2020/01/01,8
﻿崇溪,103.13,26.86,2408,2020/01/01,9.2
﻿罗溪村,100.75,25.33,1697,2020/01/01,10.4
﻿翁嘎科,99.47,22.52,1318,2020/01/01,14.2
﻿凤仪水库,102.36,24.67,1953,2020/01/01,10.3
﻿曲江,102.79,23.95,1361,2020/01/01,13.7
﻿晓街,100.25,24.35,1305.5,2020/01/01,15
﻿屏边,103.68,22.98,1414.1,2020/01/01,13.9
﻿永宁,100.64,27.74,2723,2020/01/01,3.9
﻿梅子,101.15,23.52,1067,2020/01/01,14
﻿章驮,99.95,23.97,1768,2020/01/01,11.5
﻿向阳站,101.39,24.36,1436,2020/01/01,13.3
﻿白云,103.8,23.17,1809,2020/01/01,12.5
﻿大箐,103.15,25.19,2046,2020/01/01,10.7
﻿宝峰,102.55,24.55,1947,2020/01/01,10.8
﻿阿旺,103.25,25.92,1479,2020/01/01,15.7
﻿姜驿,101.91,26.07,1900,2020/01/01,11.9
﻿贡山,98.67,27.75,1583.3,2020/01/01,7.6
﻿子里甲 ,98.89,26.72,1173,2020/01/01,9.9
﻿祥瑞选厂,98.55,25.79,2246,2020/01/01,5.5
﻿老里箐,102.95,24.32,1880,2020/01/01,11.2
﻿中和营,103.64,23.78,1492,2020/01/01,14.4
﻿糯木,104.24,25.38,1835,2020/01/01,11.4
﻿永平北斗,99.69,25.54,1895,2020/01/01,8
﻿桃孔,101.96,24.11,1666,2020/01/01,13.8
﻿玉苗农气,102.64,24.44,2038,2020/01/01,9.5
﻿乐丰,104.4,26.52,2014,2020/01/01,8.8
﻿富有村,102.77,24.74,1900,2020/01/01,12
﻿甸尾,103.44,25.11,1851,2020/01/01,10.5
﻿洱源乔后,99.76,26.08,1830,2020/01/01,7.9
﻿大坡,103.66,25.68,2008.9,2020/01/01,10
﻿大寨,102.92,27.23,1359,2020/01/01,14.3
﻿水田,103.33,23.13,1735,2020/01/01,15.1
﻿田坝,104.45,26.17,1757,2020/01/01,11.8
﻿邦丙,99.85,23.26,1656,2020/01/01,13.9
﻿双江,99.8,23.47,1044.1,2020/01/01,14.7
﻿乌龙园子村,103.07,26.03,1987,2020/01/01,10.6
﻿黑树,105.21,27.47,1625,2020/01/01,5
﻿平河,102.51,22.82,1384,2020/01/01,16.1
﻿鲁史茶马古道,100,24.85,1830,2020/01/01,11.1
﻿桧溪站,103.88,28.33,547,2020/01/01,10.9
﻿小屯立交,102.67,25.07,1917,2020/01/01,12.2
﻿曼晃,97.88,24.29,949.8,2020/01/01,13
﻿亚练,99.56,24.23,1330,2020/01/01,13.5
﻿龙庆,104.08,24.55,1662,2020/01/01,11
﻿华星,101.53,25.28,1762,2020/01/01,10
﻿宝山,100.43,27.42,2222,2020/01/01,8.1
﻿己衣,102.25,26.1,1892,2020/01/01,12.1
﻿散旦,102.66,25.3,1780,2020/01/01,10
﻿坡脚,104.3,23.12,1370,2020/01/01,15.1
﻿芷村,103.54,23.34,1641,2020/01/01,13.6
﻿石头寨,102.5,23.24,1702,2020/01/01,14.8
﻿西盟,99.64,22.64,1245.4,2020/01/01,15.3
﻿塔甸,102.16,24.25,1789,2020/01/01,12.1
﻿雅邑,101.75,23.24,845,2020/01/01,16.6
﻿七星,103.33,25.53,1890,2020/01/01,11.3
﻿坝心,102.63,23.65,1413,2020/01/01,14.2
﻿富民新村,101.72,24.84,1562,2020/01/01,9.7
﻿清水塘,103.35,24.79,1829,2020/01/01,12.1
﻿拉伯,100.45,27.74,2262,2020/01/01,7.9
﻿杨柳井,105.27,23.92,1261,2020/01/01,15.3
﻿芒棒,98.67,24.94,1501,2020/01/01,10.9
﻿南雅,99.54,22.39,1422,2020/01/01,15.4
﻿曼景,101.11,21.91,767,2020/01/02,18.1
﻿勐片村,100.66,24.3,1286,2020/01/01,12.3
﻿九溪,102.66,24.28,1762,2020/01/01,10.8
﻿乐育,102.33,23.33,1510,2020/01/01,14.2
﻿苍文村,100.64,24.1,1982,2020/01/01,11.2
﻿勐捧,101.31,21.45,570,2020/01/01,19.6
﻿剑川,99.91,26.54,2191.4,2020/01/01,6
﻿逸圃,103.72,24.47,1780,2020/01/01,13.1
﻿东风四区,100.72,21.63,631,2020/01/01,19.1
﻿架科底 ,98.89,26.76,1144,2020/01/01,10
﻿马关,104.4,23.02,1332.9,2020/01/01,15.3
﻿昆岗村,101.08,24.34,1948,2020/01/01,11.2
﻿撇罗村,101.15,24.29,1838,2020/01/01,12.4
﻿洛党镇,100.03,24.52,1440,2020/01/01,12.8
﻿园艺场站,101.78,23.83,489,2020/01/01,18.6
﻿珠街,103.87,25.5,2000,2020/01/01,11.7
﻿黄坪镇,100.25,26.1,1487,2020/01/02,12.3
﻿和平,101.42,23.93,1739,2020/01/01,13.5
﻿芳华,103.68,25.17,1878,2020/01/01,10.4
﻿岔河,102.26,24.26,1432,2020/01/01,11.5
﻿鲁甸,103.56,27.19,1952.2,2020/01/01,8.9
﻿太平,104.23,28.55,536,2020/01/01,9
﻿中枢,103.67,25.04,1841,2020/01/01,11.9
﻿沿江,103.85,25.47,1870,2020/01/01,11.8
﻿区气象局,102.7,25.94,1891,2020/01/01,12.1
﻿花甲,105.61,23.86,1180.2,2020/01/01,15.1
﻿漭水,99.7,24.91,1720,2020/01/01,9.7
﻿羊坪,100.83,26.74,2603,2020/01/01,4.4
﻿猛虎,101.57,26.09,1700,2020/01/01,10.8
﻿永德,99.23,24.03,1606.2,2020/01/01,12.6
﻿邦迈站,101.52,24.1,1012,2020/01/01,16.8
﻿薛旗,103.87,25.22,1876,2020/01/01,11.4
﻿永仁,101.66,26.04,1589.4,2020/01/01,12
﻿昆玉高速余家海站,102.65,24.66,1970,2020/01/01,11.9
﻿茈碧湖镇,99.95,26.14,2070,2020/01/01,8.1
﻿大安,100.49,26.76,2558,2020/01/01,6
﻿拥翠乡,100.07,24.15,2115,2020/01/01,10.2
﻿嗄娘,102.92,23.11,1732,2020/01/01,13.4
﻿羊岔街,101.77,23.67,2148,2020/01/01,11.1
﻿青龙哨村,102.34,24.96,1880,2020/01/01,9.3
﻿云龙功果,99.23,25.76,1332,2020/01/01,11.4
﻿炎山,103.21,27.48,1932,2020/01/01,7.8
﻿马街中路,102.64,25.03,1907,2020/01/01,12.5
﻿江城桐关,102.79,24.48,1842,2020/01/01,11.5
﻿阿子营牧羊,102.84,25.4,2162,2020/01/01,7.9
﻿温泉官庄村,102.39,24.99,1834,2020/01/01,8.1
﻿盐津,104.24,28.11,448.8,2020/01/01,10.2
﻿富东,100,23.12,2030,2020/01/01,11.3
﻿护国站,102.71,25.05,2000,2020/01/01,12.8
﻿雪林,99.56,23.03,1795,2020/01/01,12.6
﻿蒲川,98.57,24.72,1386,2020/01/01,11.3
﻿前卫,102.73,24.33,1657,2020/01/01,12.4
﻿八街相连村,102.31,24.63,2091,2020/01/01,10.6
﻿银水箐村,102.94,26.08,2431,2020/01/01,9.3
﻿兰坪,99.41,26.44,2344.9,2020/01/01,4.5
﻿陇川,97.78,24.17,990.8,2020/01/01,13.4
﻿宜次,101.38,24.81,1862,2020/01/01,10.1
﻿西三,103.42,24.5,1604,2020/01/01,10.4
﻿绿汁,101.96,24.68,1230,2020/01/01,13.6
﻿凤尾,99.02,23.89,859,2020/01/01,14.6
﻿盘江,103.83,25.75,1948,2020/01/01,10.4
﻿勐满七分场,101.3,21.29,658,2020/01/01,19.3
﻿塔城,99.38,27.61,2247,2020/01/01,4.5
﻿狮子山,102.06,24.86,1670,2020/01/01,11.5
﻿沙拉村,100.71,24.72,1480,2020/01/01,12
﻿娜姑镇,103.15,26.52,2022,2020/01/01,11.4
﻿浦贵,101.93,23.44,1680,2020/01/01,15.5
﻿马金铺,102.8,24.78,1911,2020/01/01,10.9
﻿田心,102.21,25.81,1890,2020/01/01,10.9
﻿太安,100.04,26.72,2963,2020/01/01,1.1
﻿无量山镇,100.1,24.13,1794,2020/01/01,11.4
﻿弥渡寅街,100.53,25.27,1704,2020/01/01,11.3
﻿洱源西山,99.67,25.97,2537,2020/01/01,6.1
﻿威信,105.05,27.85,1217.7,2020/01/01,5
﻿郎恒,105.58,23.37,759,2020/01/01,16.8
﻿景信,99.67,22.45,1042,2020/01/01,15
﻿落水洞村委会,102.98,25.9,2401,2020/01/01,7.5
﻿勐往乡,100.47,22.39,798,2020/01/01,16.6
﻿通甸 ,99.51,26.66,2488,2020/01/01,2.5
﻿法块,103.6,24.61,1796,2020/01/01,12.4
﻿金庄,99.81,27.15,2000,2020/01/01,6.7
﻿东山,104.26,26.11,1715,2020/01/01,12.8
﻿战河,100.91,26.86,2648,2020/01/01,5
﻿多依,99.92,23.92,1849,2020/01/01,10.2
﻿福贡,98.87,26.9,1189.7,2020/01/01,9.9
﻿沙拉托,102.57,23.1,1698,2020/01/01,13.4
﻿景谷镇,100.62,23.73,1314,2020/01/01,12.7
﻿绿春,102.42,23,1642.8,2020/01/01,14.8
﻿格渣,103.61,24.76,2095,2020/01/01,10
﻿沙依坡,103.21,22.96,1483,2020/01/01,13.9
﻿石鼓,99.95,26.87,1710,2020/01/01,7
﻿象明,101.31,22.13,780,2020/01/01,18
﻿团结和平,102.54,25.07,2119,2020/01/01,8.9
﻿鲁六村,103.07,25.65,2383,2020/01/01,8.9
﻿勐宋,100.56,22.06,1222,2020/01/01,14.9
﻿鲁甸,99.46,27.22,3100,2020/01/01,2.8
﻿光明电站,100.63,21.74,829,2020/01/01,18
﻿圈内乡政府,100.1,23.63,1785,2020/01/01,10.1
﻿罗武庄,100.77,25.11,1800,2020/01/01,11.7
﻿里仕,101.99,24.75,2080,2020/01/01,10.9
﻿五合,98.67,24.87,1360,2020/01/01,10.3
﻿青岗岭,103.74,27.53,1939,2020/01/01,5
﻿海嘎,103.43,25.76,2098,2020/01/01,10
﻿格宜,104.39,26.32,1950,2020/01/01,9.8
﻿富良棚,102.09,24.31,1910,2020/01/01,9.9
﻿营上,104.31,25.48,1850,2020/01/01,12.2
﻿拖克,103.78,26.39,2010,2020/01/01,8.1
﻿蓝莓农气,102.89,24.64,1732,2020/01/01,11.8
﻿栗庙,102.53,24.7,2032,2020/01/01,10.6
﻿安定,100.62,24.73,1413,2020/01/01,11
﻿通红甸,103.07,24.33,1614,2020/01/01,14.8
﻿九乡风景区,103.38,25.07,1835,2020/01/01,11.1
﻿六顺,100.73,22.62,1255,2020/01/01,14.5
﻿杉阳镇,99.39,25.32,1447.6,2020/01/01,11.8
﻿宜良,103.14,24.89,1639.5,2020/01/01,13.7
﻿彩云,103.9,24.7,1857,2020/01/01,11.1
﻿帮湾,97.85,24.31,1015,2020/01/01,13.8
﻿大水井,104.37,24.78,1572,2020/01/01,11.4
﻿勐养镇,100.91,22.09,774,2020/01/01,18.2
﻿三界村委会,102.92,25.98,2469,2020/01/01,6.1
﻿雪山道班,99.13,28.32,3754,2020/01/01,-3.9
﻿洒水河,97.91,24.83,1243,2020/01/01,12.7
﻿三川,100.66,26.75,1594,2020/01/01,10.2
﻿金方普河村,102.53,24.89,1891,2020/01/01,9.5
﻿五星乡,103.26,26.54,2200,2020/01/01,9.6
﻿木利矿山,105.37,23.99,784,2020/01/01,17
﻿实验学校,102.46,24.9,1875,2020/01/01,10.4
﻿白塔村,102.34,24.99,1813,2020/01/01,8.8
﻿杨桥,103.04,25.31,1914,2020/01/01,11.1
﻿汤丹,103.07,26.18,2163,2020/01/01,10.1
﻿灵泉,103.15,23.68,1770,2020/01/01,12.7
﻿阿用,105.59,23.97,722,2020/01/01,16.4
﻿弄岛村,97.65,23.87,735,2020/01/01,14.3
﻿大石头水库,103.02,25.38,1975,2020/01/01,9
﻿期路白,103.53,23.21,1478,2020/01/01,14.3
﻿得禄,103.96,26.47,1853,2020/01/01,9.3
﻿外普拉,101.47,25.91,1447,2020/01/01,11.6
﻿勐竜,98.42,24.7,1470,2020/01/01,11.5
﻿嘉陵小学,103.13,25.31,1906,2020/01/01,10.6
﻿防汛办,103.95,24.92,1710,2020/01/01,13.4
﻿赵家寨,98,24.55,1721.6,2020/01/01,10.8
﻿景东,100.86,24.44,1162.3,2020/01/01,13.2
﻿马家坝站,101.64,24.25,1612,2020/01/01,13.7
﻿涡旋糖林场,102.57,25.59,1986,2020/01/01,9.9
﻿红光农场,101.88,23.66,675,2020/01/01,18.2
﻿董干,105.16,23.36,1647,2020/01/01,13.1
﻿合理村,103.05,25.85,2076,2020/01/01,8.5
﻿午街,103.6,24.52,1730,2020/01/01,12.2
﻿鹿鸣乡,100.73,25.28,1611,2020/01/14,10.8
﻿大理太邑,100.11,25.51,1916,2020/01/01,10.3
﻿花石村,100.99,24.43,1226,2020/01/01,11.2
﻿黄泥坳站,103.84,27.83,1192,2020/01/01,6.4
﻿月湖水库,103.44,24.83,1934,2020/01/01,11.2
﻿乌峰,104.89,27.46,1731,2020/01/01,4.9
﻿铜牛寺水库,102.84,25.04,1974,2020/01/01,10.4
﻿攀天阁,99.23,27.33,2650,2020/01/01,3.1
﻿老勐,102.8,22.92,511,2020/01/01,19.4
﻿松坪,100.54,26.9,2143,2020/01/01,8.4
﻿凤山,100.78,23.67,1040,2020/01/01,14
﻿七星镇,103.33,25.54,1879,2020/01/01,10.9
﻿杨林新村,103.05,25.26,1931,2020/01/01,11.6
﻿阿子营,102.77,25.34,2082,2020/01/01,8.1
﻿三岔河,103.77,25.05,1840,2020/01/01,12.8
﻿新街乡,104,23.2,1760,2020/01/01,11.6
﻿中和站,104.09,28.16,605,2020/01/01,9.5
﻿红河,102.43,23.37,974.5,2020/01/01,17.8
﻿滇源小营,102.86,25.25,1978,2020/01/01,9.6
﻿吉里村,102.91,24.64,1692,2020/01/01,13
﻿岩峰哨,102.86,25.43,2313,2020/01/01,8.5
﻿邓川镇,100.06,26,1988,2020/01/01,8.7
﻿长底,104.5,25.03,1187,2020/01/01,12.9
﻿雷达站,99.85,24.64,2310,2020/01/01,13.5
﻿普关,98.14,25.08,966.9,2020/01/01,11.9
﻿土林,101.75,25.85,1199.7,2020/01/01,16.2
﻿黑井,101.77,25.4,1571,2020/01/01,13.9
﻿中安,104.07,25.64,2089,2020/01/01,10.2
﻿富乐,104.39,25.36,1843,2020/01/01,12.2
﻿东川,103.17,26.1,1263.8,2020/01/01,18.2
﻿管理局,100.64,26.47,1520,2020/01/01,13
﻿龙潭,102.17,23.65,1917,2020/01/01,12.4
﻿大湾,105.05,27.68,1225,2020/01/01,6
﻿厦格,104.14,25.58,2130,2020/01/01,10.6
﻿碗厂,104.51,27.64,1631,2020/01/01,3.2
﻿马塘镇,104.05,23.51,1350,2020/01/01,14.6
﻿碧城,102.31,25.31,1889,2020/01/01,10.1
﻿祥和,100.22,26.87,2392.4,2020/01/01,7.3
﻿东村祖库,102.71,25.56,2070,2020/01/01,10.9
﻿云茶山庄,102.27,24.15,2171,2020/01/01,10.6
﻿谦六,100.16,22.9,1224,2020/01/01,15
﻿南华,101.26,25.21,1905.4,2020/01/01,9.1
﻿韩家营,102.57,24.59,1925,2020/01/01,10.8
﻿拉巴,99.64,22.51,1078,2020/01/01,14.5
﻿款庄镇,102.67,25.45,1650,2020/01/01,10.8
﻿江边,103.61,24.02,996,2020/01/01,16.1
﻿彩色沙林,103.72,24.9,1953,2020/01/01,11.7
﻿松华,102.74,25.28,2155,2020/01/01,9.3
﻿芹菜塘,100.73,24.26,1898,2020/01/01,9.3
﻿太华山,102.62,24.96,2358.3,2020/01/01,8.8
﻿金江镇,99.83,27.13,1885,2020/01/01,7
﻿王氏坚果庄园,98.89,23.81,1330,2020/01/01,13.9
﻿大寨子,100.7,24.35,2055,2020/01/01,10
﻿黄草岭村,100.76,24.38,2188,2020/01/01,10.2
﻿金源,103.13,25.85,1625,2020/01/01,13.8
﻿圆通山,102.71,25.06,1918,2020/01/01,12.6
﻿龙庆关,102.16,25.42,2099,2020/01/01,7.8
﻿南羊街,103.13,24.85,1559,2020/01/01,14
﻿普达措,99.93,27.9,3622,2020/01/01,-4
﻿湾云,101.92,25.7,1189,2020/01/01,17.1
﻿那招,100.16,23.69,1891,2020/01/01,12
﻿卡房,103.14,23.26,1773,2020/01/01,11.5
﻿金马街道,102.75,25.04,1927,2020/01/01,12.6
﻿北闸,103.6,27.44,1965,2020/01/01,8.5
﻿民建乡,98.99,25.72,2240,2020/01/01,6.5
﻿者太,104.63,24.27,1253,2020/01/01,15.1
﻿茨竹林,100.49,22.7,1510,2020/01/01,13.7
﻿布嘎,103.72,27.21,1995,2020/01/01,9.2
﻿师宗,103.98,24.82,1900.9,2020/01/01,11
﻿丕德,104.5,25.13,1454.1,2020/01/01,12.8
﻿罗免,102.46,25.34,1739,2020/01/01,10.7
﻿矣纳,102.98,25.19,1970,2020/01/01,10.5
﻿龙场,104.26,26.31,1950,2020/01/01,10.7
﻿八街磨南德村,102.33,24.54,2115,2020/01/01,9.7
﻿插甸,102.29,25.62,1997,2020/01/01,8.3
﻿惠民,100.05,22.28,1140,2020/01/01,15.6
﻿富宁,105.63,23.63,685.8,2020/01/01,17.6
﻿元谋,101.87,25.73,1120.6,2020/01/01,15.4
﻿东山乡,100.89,25.59,1922,2020/01/01,8.6
﻿普淜镇,100.9,25.33,2142,2020/01/01,9.4
﻿仁兴,102.29,25.41,1850,2020/01/01,10.6
﻿海口中滩街,102.61,24.79,1907,2020/01/01,11.8
﻿篆塘,102.69,25.04,1880,2020/01/01,12.6
﻿三岔河,101,25.89,1460,2020/01/01,11.2
﻿篆角,104.93,23.61,1224,2020/01/01,15.4
﻿乌木龙,99.7,24.2,1934,2020/01/01,9.5
﻿龙海,103.83,24.95,2136,2020/01/01,10.8
﻿牟定,101.52,25.31,1822,2020/01/01,10.4
﻿勐白,99.7,22.4,1122,2020/01/01,14.8
﻿腊勐,98.9,24.73,1925,2020/01/01,9.8
﻿忙糯大浪坝,99.96,23.46,2200,2020/01/01,8.3
﻿高峰,100.79,24.32,2447,2020/01/01,7.8
﻿黄华站,103.55,27.99,805,2020/01/01,11.1
﻿钟鸣,104.06,27.81,1540,2020/01/01,3.7
﻿景三七,100.68,21.93,800,2020/01/01,18.2
﻿幸福,99.97,24.16,951.5,2020/01/01,13.7
﻿堂上,104.8,24.41,830,2020/01/01,14.7
﻿法古甸,102.35,24.5,2127,2020/01/01,8.6
﻿龙头山,103.35,27.11,2000,2020/01/01,10.3
﻿营盘甘蔗,99.68,24.37,1440,2020/01/01,12.1
﻿大文,100,23.35,1623,2020/01/01,13
﻿大木奔,101.95,24.61,1169,2020/01/01,13.3
﻿大理永兴,100.11,25.87,2037,2020/01/01,9.7
﻿米户,103.17,25.11,1803,2020/01/01,10.8
﻿贺派,99.36,23.48,1173,2020/01/02,13.3
﻿温泉后山崀村,102.43,24.99,1859,2020/01/01,8.9
﻿瓦哨宗,102.11,24.28,1869,2020/01/01,9.2
﻿以勒,105.14,27.61,1642,2020/01/01,3.8
﻿交支,103.42,26.47,2249,2020/01/01,10.1
﻿甸沙,103.11,25.69,1972,2020/01/01,10.5
﻿牦牛坪,100.24,27.17,3526,2020/01/01,-0.3
﻿哈巴村,100.14,27.38,2648,2020/01/01,5.4
﻿蚌谷,104.58,23.38,1378,2020/01/01,14.5
﻿玉溪,102.55,24.33,1716.9,2020/01/01,12.3
﻿沧溪村,103.13,25.89,1575,2020/01/01,14.7
﻿县街马场村,102.37,24.77,1986,2020/01/01,8.9
﻿竹塘,99.81,22.72,1520,2020/01/01,13.2
﻿红河机场,103.34,23.47,1361,2020/01/01,16.5
﻿中和,101.41,26.16,1570,2020/01/01,11.2
﻿晋城,102.75,24.7,1930,2020/01/01,12.6
﻿新村,101.2,24.68,1857,2020/01/01,12.1
﻿忙怀,100.48,24.52,902,2020/01/01,14.6
﻿板桥北庙,99.21,25.25,1812,2020/01/01,9
﻿西定,100.15,21.94,1900,2020/01/01,13.9
﻿黄草坝烤烟,102.44,24.44,1940,2020/01/01,8
﻿大河,104.3,25.55,1734,2020/01/01,10.7
﻿马庄村,99.92,24.72,1970,2020/01/01,10.8
﻿海岱,104.35,26.07,1722,2020/01/01,11.5
﻿中排 ,99.2,26.87,1814,2020/01/01,6.7
﻿坟箐,101.04,25.79,1705,2020/01/01,9.8
﻿瓦渡,99.37,25.1,1892,2020/01/01,8.6
﻿舍资,101.91,25.19,1724,2020/01/01,8.9
﻿平川镇,100.79,26.05,1732,2020/01/01,9.3
﻿酒房,99.13,24.47,1908,2020/01/01,8.3
﻿大龙潭,102.11,24.43,1725,2020/01/01,10.3
﻿宁洱,101.05,23.03,1336.9,2020/01/01,13.8
﻿古木,104.58,25.38,1357.2,2020/01/01,13.4
﻿金殿公园,102.77,25.09,2060,2020/01/01,10.9
﻿勐醒二区9队,101.33,21.98,582,2020/01/01,17.9
﻿大具,100.25,27.3,1758,2020/01/01,10.5
﻿幸福站,104,27.71,834,2020/01/01,9.4
﻿戛洒,101.57,24.05,568,2020/01/01,16.9
﻿勐醒三区4队,101.34,21.93,558,2020/01/06,18.5
﻿木厂,104.18,22.95,1370,2020/01/01,14
﻿那能,105.9,23.91,451,2020/01/01,16.9
﻿浪堤,102.23,23.31,1850,2020/01/01,13.9
﻿温泉,99.67,24.69,1907,2020/01/01,10.4
﻿岩头村,100.65,24.46,1705,2020/01/01,12.5
﻿老厂,101.68,24.17,1513,2020/01/01,13.3
﻿白河,103.88,22.97,822,2020/01/01,17.7
﻿新塘房,100.07,24.17,1010,2020/01/01,13.4
﻿功山,103.26,25.74,1933,2020/01/01,10.6
﻿清水热海,98.44,24.95,1444,2020/01/01,10.5
﻿桥头,104.12,22.86,1103,2020/01/01,15.7
﻿一朵云,102.97,25,2189,2020/01/01,8.9
﻿德马,103.34,25.06,1877,2020/01/01,11.8
﻿温泉,102.45,24.97,1920,2020/01/01,9.5
﻿晋城石碑,102.74,24.67,1923,2020/01/01,12
﻿田坝村,103.08,26.22,2250,2020/01/01,6.6
﻿兔街,100.8,24.78,1578,2020/01/01,11.1
﻿北海,98.56,25.12,1729.5,2020/01/01,9.6
﻿弥渡大坝,100.44,25.47,1943,2020/01/01,9.3
﻿板栗站,103.99,28.52,600,2020/01/01,8.9
﻿元阳机场,102.59,23.1,1736,2020/01/01,13.9
﻿面甸,103,23.47,1340,2020/01/01,15.3
﻿大水沟,101.94,22.95,1152,2020/01/01,17.4
﻿霞若乡,99.3,27.8,2021,2020/01/01,6.1
﻿紫金乡,100.03,25.43,1797,2020/01/01,10.5
﻿鱼塘,101.48,23.18,1652,2020/01/01,14.3
﻿秧草凹片区,102.99,25.11,2137,2020/01/01,10.3
﻿长箐村,102.86,25.62,2203,2020/01/01,8.5
﻿银杏村,98.52,25.31,1786,2020/01/01,8
﻿营盘,98.04,24.26,940,2020/01/01,14.1
﻿马鞍山乡,100.14,25.34,1942,2020/01/01,8.1
﻿坝糯,99.94,23.63,1928,2020/01/01,11.6
﻿八角,100.95,24.87,1952,2020/01/01,10.7
﻿泼机,104.97,27.41,1521,2020/01/01,7.1
﻿上瓦伟村,100.79,24.67,1597,2020/01/01,12.1
﻿前卫柏池古,102.66,24.34,1883,2020/01/01,11.3
﻿尚勇,101.71,21.24,771,2020/01/01,17.9
﻿岩榴,99.78,23.77,1874,2020/01/01,12.8
﻿小新街,103.02,23,1624,2020/01/01,12.6
﻿狮子,103.64,26.17,1702,2020/01/01,11.4
﻿花山,104.47,27.5,2018,2020/01/01,3.4
﻿松林村,102.91,25.55,2267,2020/01/01,8.9
﻿庙街镇,100.28,25.32,1780,2020/01/01,10.9
﻿秀龙村,101.12,24.34,1819,2020/01/01,12.5
﻿白泥磨,103.06,24.61,2066,2020/01/01,12.4
﻿妥甸马龙,101.51,24.67,940,2020/01/01,14.1
﻿宜柰村,103.6,24.84,2091,2020/01/01,10.8
﻿东村中民,102.73,25.54,1850,2020/01/01,11.6
﻿利月村,100.75,24.51,1578,2020/01/01,12.1
﻿青龙双湄村,102.29,25.01,1839,2020/01/01,8.1
﻿大桥乡,103.34,26.68,2495,2020/01/01,7.1
﻿甸中,102.22,24.41,1644,2020/01/01,11.6
﻿靖安,103.75,27.55,1870,2020/01/01,5.2
﻿姐相,97.75,23.92,763,2020/01/01,15
﻿小红山,101.56,25.78,1784,2020/01/01,10.6
﻿豆沙,104.12,28.04,588,2020/01/01,10.5
﻿施坝,99.26,27.77,2236,2020/01/01,4.7
﻿沙锅村,102.54,24.81,1900,2020/01/01,9.8
﻿德泽,103.6,26,1713,2020/01/01,12.7
﻿剑川羊岑,99.8,26.48,2350,2020/01/01,3.9
﻿李浩寨,102.84,23.84,1725,2020/01/01,13.8
﻿塘子,103.25,25.43,2073,2020/01/01,10.5
﻿老店,103.28,26.93,1810,2020/01/01,11.7
﻿昔本,100.06,23.8,1645,2020/01/01,10.6
﻿白水,103.85,24.65,1827,2020/01/01,11.3
﻿昆明前卫,102.54,24.56,1951,2020/01/01,9.8
﻿兔耳,102.93,25.2,2149,2020/01/01,10.1
﻿东河,100.07,22.92,1880,2020/01/01,13.2
﻿西北勒,103.47,23.49,2040,2020/01/01,11.9
﻿新村村,103.25,26.12,1235,2020/01/01,16.5
﻿邵九村,102.33,24.92,1879,2020/01/01,9.2
﻿八寨,104.06,23.02,1780,2020/01/01,12.3
﻿八街招霸村,102.42,24.65,1978,2020/01/01,7.8
﻿白鹤,101.21,25.65,1870,2020/01/01,9.6
﻿公平村,100.65,24.4,1941,2020/01/01,11
﻿阿旺,103.25,25.93,1457.3,2020/01/01,17.9
﻿左门,101.06,25.65,2340,2020/01/01,7.3
﻿仓街,101.28,25.68,1872,2020/01/01,9.7
﻿棋盘山,102.58,25.05,2493,2020/01/01,8
﻿弄丘,98.3,24.19,1481,2020/01/01,12.8
﻿那哈,101.85,23.15,1395,2020/01/01,15.8
﻿白路,102.05,25.66,2361,2020/01/01,10.8
﻿董马,104.9,23.42,1112,2020/01/01,15.7
﻿海口,102.94,24.52,1726.1,2020/01/01,13.7
﻿六街,102.23,24.83,1670,2020/01/01,10.6
﻿苏典,97.94,25.13,1645.3,2020/01/01,8.2
﻿龙街,101.54,25.67,1684,2020/01/01,10
﻿尼龙,103.26,25.14,1680,2020/01/01,11.2
﻿南涧,100.52,25.04,1377.2,2020/01/01,12.8
﻿墨红,104.15,25.38,2033,2020/01/01,10.6
﻿中村,102.06,25.25,1630,2020/01/01,10.7
﻿沾益,103.82,25.6,1891.5,2020/01/01,11.7
﻿临沧,100.12,23.88,1636.1,2020/01/01,12
﻿宽塘,104.41,25.44,2030.3,2020/01/01,10.8
﻿得龙,99.13,23.47,1230,2020/01/10,15.6
﻿凉风凹,104.18,28.42,1207,2020/01/01,5.3
﻿勐堆,98.89,23.92,911,2020/01/01,13.6
﻿龙脖河,103.62,22.82,250,2020/01/01,20.7
﻿龙洞村,100.56,24.41,1885,2020/01/01,11.6
﻿二溪,104.11,28.44,932,2020/01/01,6.6
﻿树皮,104.09,23.87,1661,2020/01/01,12
﻿跑马坪,100.98,27,2507,2020/01/01,2.9
﻿小新街,103.22,25.31,1890,2020/01/01,11.3
﻿双龙营,104.2,24.2,1470,2020/01/01,14.4
﻿太阳历园,101.54,25.04,1783,2020/01/01,10.3
﻿渡船坝,104.73,27.58,1034,2020/01/01,7.9
﻿甸尾,102.71,23.77,1551,2020/01/01,14.8
﻿田坝,100.99,23.69,1621,2020/01/01,11.5
﻿暖里,100.85,23.4,1181,2020/01/01,15
﻿古木镇,104.27,23.27,1426,2020/01/01,15.5
﻿法者村委会,103.02,26.03,2412,2020/01/01,9
﻿酒井,99.97,22.45,1400,2020/01/01,13.5
﻿尾乍黑村,103.51,24.58,1838,2020/01/01,10.5
﻿祥云米甸,100.75,25.67,1974,2020/01/01,8.7
﻿县街下石江村,102.44,24.88,1864,2020/01/01,10
﻿戈奎,102.47,23.1,1496,2020/01/01,15.2
﻿陆良,103.62,24.98,1857.6,2020/01/01,11.3
﻿谷拉,106.04,23.59,284,2020/01/01,18
﻿十八连山,104.57,25.14,1730,2020/01/01,11.7
﻿朱张,99.73,28.02,3554.2,2020/01/01,-3.2
﻿玉龙,103.18,24.84,1590,2020/01/01,12.8
﻿马鞍底,103.51,22.73,1350,2020/01/01,13.7
﻿太平核桃,100.05,24.58,2000,2020/01/03,11.6
﻿永定三村,102.58,25.21,1767,2020/01/01,10
﻿瓦马,98.98,25.57,1740,2020/01/01,9.9
﻿摆宰,103.19,25.66,2187,2020/01/01,10.9
﻿九甲,101.23,24.19,1814,2020/01/01,12.6
﻿云南驿镇,100.69,25.39,1960,2020/01/01,9.8
﻿南岸站,103.86,28.66,449.5,2020/01/01,10.8
﻿四营下马坊,103.13,25.25,1961,2020/01/01,11.9
﻿老街,104.84,27.75,1405,2020/01/01,4.6
﻿六街敬老院,102.69,24.52,1975,2020/01/01,9.6
﻿芒宽,98.87,25.45,854,2020/01/01,13.4
﻿追栗街镇,104.4,23.32,1446,2020/01/01,13.6
﻿平坡镇,100.05,25.58,1480,2020/01/01,11.3
﻿旧县,103.39,25.36,1964,2020/01/01,10.6
﻿云龙,103.25,23.71,1052,2020/01/01,17.9
﻿老麦,99.25,24.88,2042,2020/01/01,7.9
﻿臭水收费站,101.16,23.26,1020,2020/01/01,14.7
﻿箐口,104.61,25.32,1847,2020/01/01,12
﻿新化,101.86,24.12,1892,2020/01/01,13.5
﻿黄瓜园,101.86,25.82,1050,2020/01/01,15.2
﻿茂山镇,102.51,25.69,1719,2020/01/01,8.5
﻿窑坡村站,102.39,24.72,1928,2020/01/01,11.3
﻿大庄水库,103.39,23.61,1391.1,2020/01/01,15.6
﻿板桥,103.25,24.68,1676,2020/01/01,13.1
﻿勐糯,99.03,24.3,789,2020/01/01,14.5
﻿清水河村,102.57,24.56,1968,2020/01/01,11
﻿勐底农场,99.44,24.19,830,2020/01/01,14.7
﻿农哈哈,101.24,25.49,1888,2020/01/01,10
﻿五星村,102.94,25.69,2690,2020/01/01,6.4
﻿新华乡,100.07,24.87,2180,2020/01/01,8.9
﻿小寨,103.48,27.19,1621,2020/01/01,13.1
﻿骑马坝,102.25,22.82,835,2020/01/01,18.6
﻿阿扎河,102.48,23.18,1849,2020/01/01,13.6
﻿铜厂,104.36,25.56,1889.9,2020/01/01,12.1
﻿雨河,104.85,27.76,1499,2020/01/01,3.9
﻿簸以,104.07,27.5,1716,2020/01/01,4.2
﻿永昌,102.7,25.02,1915,2020/01/01,12.9
﻿和平,102.19,25.2,1776,2020/01/01,9.6
﻿小河村,103.29,24.88,1771,2020/01/01,11.9
﻿兴旺,102.47,24.17,1510,2020/01/01,11.3
﻿河底岗,99.68,23.88,1539,2020/01/01,15.1
﻿杨武交通站,102.12,23.88,1432,2020/01/01,14.8
﻿曼宛洼,100.67,21.73,647,2020/01/01,20.6
﻿那洒,104.8,23.75,1480,2020/01/01,13.6
﻿小河迴流,102.84,25.19,2020,2020/01/01,9.2
﻿浦贝,102.18,24.62,1600,2020/01/01,12
﻿碧鸡广场,102.66,25.04,1925,2020/01/07,12.5
﻿南溪交通站,101.79,23.63,1143,2020/01/01,15.2
﻿花沟村,103.05,25.54,2315,2020/01/01,7.8
﻿雨过铺,103.32,23.46,1300,2020/01/01,16.3
﻿水车田,102.56,24.09,1457,2020/01/01,11.6
﻿梭山,103.23,27.31,1372,2020/01/01,10.1
﻿长湖,103.4,24.71,1917,2020/01/01,11.7
﻿和顺,98.45,25.02,1596,2020/01/01,10.6
﻿西舍路,101.07,24.67,1503,2020/01/01,13.6
﻿庆丰,101.47,25.33,1867,2020/01/01,9.7
﻿水田站,105.26,27.76,1332,2020/01/01,4.3
﻿勐约,98.04,24.24,929,2020/01/01,14.3
﻿华宁,102.91,24.19,1702.6,2020/01/01,12.6
﻿苍山西镇,99.99,25.65,1510,2020/01/01,10.3
﻿南美,99.91,23.88,1883,2020/01/01,10.7
﻿花朗,105.1,27.72,1342,2020/01/01,7.6
﻿木场,99.14,23.77,2050,2020/01/01,7.6
﻿莲花塘,104.48,23.25,1213,2020/01/11,15.1
﻿芒市,98.58,24.43,913.8,2020/01/01,14.7
﻿舍色村,103.4,24.66,1910,2020/01/01,11.5
﻿孟定镇,99.08,23.56,510,2020/01/10,15.7
﻿那邦,97.56,24.75,257,2020/01/01,17.1
﻿镇雄,104.87,27.41,1645.2,2020/01/01,5.2
﻿丙中洛 ,98.45,28.02,1755.1,2020/01/01,6.1
﻿中寨,103.04,26.94,1504,2020/01/01,15.1
﻿大平地村,103.03,24.81,2064,2020/01/01,10.6
﻿匹河 ,98.9,26.53,1064,2020/01/01,10.6
﻿新安所,103.43,23.33,1340,2020/01/01,16.6
﻿弥渡,100.4,25.39,1711.7,2020/01/01,11
﻿清水河口岸,98.85,23.49,504,2020/01/04,15.5
﻿高黎贡山,98.77,24.83,2188,2020/01/01,7.7
﻿西畴,104.68,23.44,1507.5,2020/01/01,13.8
﻿盈江勐典,97.93,24.95,1692.9,2020/01/01,7.8
﻿保和,103.05,23.25,1696,2020/01/01,13.6
﻿青龙厂,102.03,23.76,1411,2020/01/01,15.2
﻿婀娜,102,24.24,1804,2020/01/01,13.3
﻿大海乡,103.15,26.14,3532,2020/01/01,3.9
﻿东瓜,101.51,25.08,1788,2020/01/01,9.7
﻿中课,99.61,22.8,867,2020/01/01,16.2
﻿张所,102.18,24.51,1500,2020/01/01,13.6
﻿个旧,103.15,23.39,1848.8,2020/01/01,13.1
﻿茂山,102.54,25.68,2250,2020/01/01,10
﻿本纳克小学,103.09,25.34,1933,2020/01/01,11.3
﻿芒海,98.31,24.12,954,2020/01/01,14.3
﻿九村,102.99,24.68,2047.6,2020/01/01,11.4
﻿江城,101.86,22.61,1269.8,2020/01/01,15.5
﻿西川,100.66,27.11,2812,2020/01/01,4.4
﻿茨营,103.91,25.36,1900,2020/01/01,10.8
﻿石屏,102.47,23.72,1478.5,2020/01/01,14.1
﻿剑川龙凤,99.84,26.6,2271,2020/01/01,3.9
﻿中山,101.08,24.9,2043,2020/01/01,7.9
﻿马台,100.27,23.79,1294,2020/01/01,14.5
﻿以代块村委会,102.85,25.95,2011,2020/01/01,8.3
﻿粱河,98.26,24.8,1124.8,2020/01/01,12.6
﻿山后,103.23,24.94,1760,2020/01/01,13.4
﻿乌西,102.95,25.13,2059,2020/01/01,10.4
﻿昆明滇池国际会展中心,102.7,24.94,1885,2020/01/01,12.3
﻿水冒田,103.46,25.67,2205,2020/01/01,9.7
﻿石登 ,99.15,26.73,1858,2020/01/01,8.9
﻿象达,98.72,24.45,1659,2020/01/01,9.4
﻿古敢,104.8,25.22,1386,2020/01/01,13.6
﻿半角,102.45,26.19,2158,2020/01/01,7.3
﻿大朝山,100.59,24.17,1987,2020/01/01,9.9
﻿整董,101.51,22.49,882.7,2020/01/01,17.1
﻿正兴,101,23.27,980,2020/01/01,14.6
﻿叶枝镇,99.05,27.72,1750,2020/01/01,6.9
﻿安丰村,103.05,25.79,1724,2020/01/01,11.3
﻿团结站,103.77,27.66,1869,2020/01/01,3.4
﻿土官,102.21,24.94,1891,2020/01/01,9
﻿化念,102.2,24.06,1065,2020/01/01,14.9
﻿安石村,99.88,24.63,1890,2020/01/01,10.7
﻿倘塘,104.22,26.49,1858,2020/01/01,10.3
﻿关锁,102.76,24.93,1897,2020/01/01,11.9
﻿草山,103.26,26.23,3628,2020/01/01,0.5
﻿按板,100.89,23.86,1224,2020/01/01,13.2
﻿东核村,102.57,25.33,2254,2020/01/01,9.1
﻿上该通,99.43,27.73,2179,2020/01/01,5.9
﻿云龙,102.41,25.88,2070,2020/01/01,8.4
﻿新哨,103.45,24.25,1420,2020/01/01,15.5
﻿拖顶乡,99.43,27.77,2005,2020/01/01,7.5
﻿锷嘉,101.25,24.45,1275,2020/01/01,14.4
﻿地震救援应急27,102.71,25.03,1892,2020/01/01,2.5
﻿北古城,103.19,24.98,1560,2020/01/01,13.5
﻿龙坝,101.8,23.35,1455,2020/01/01,14.7
﻿老范寨,103.89,22.77,228,2020/01/01,21.2
﻿勐省,99.42,23.35,990,2020/01/01,14.4
﻿大莫古,103.52,24.91,1867,2020/01/01,11.5
﻿弥城镇,100.47,25.32,1749,2020/01/01,11.7
﻿勐腊一区,101.72,21.35,800,2020/01/01,17.3
﻿罗平老厂,104.36,25.19,1843,2020/01/01,11.3
﻿湾桥,100.11,25.79,2061,2020/01/01,9.5
﻿迎门寨,99.51,23.74,1736,2020/01/04,12.5
﻿树苴,100.92,25,1811,2020/01/01,12.1
﻿小街镇,104.03,23.27,1739,2020/01/01,12.8
﻿波衣,102.45,24.48,2218,2020/01/01,9.9
﻿永定永安,102.51,25.19,1729.8,2020/01/01,11.3
﻿二街,102.48,24.68,1942,2020/01/01,10
﻿旧城,99.23,24.42,730,2020/01/01,15.1
﻿勐桥,103.43,22.9,462,2020/01/01,19.3
﻿高田站,105.17,27.95,872,2020/01/01,7.5
﻿鲁掌 ,98.82,25.98,1804,2020/01/01,9.3
﻿文庙,101.82,25.38,1556,2020/01/01,12.8
﻿喜古乡,104.1,23.42,1516,2020/01/01,14.8
﻿徐营,101.22,25.18,1901,2020/01/01,8.4
﻿上东,98.4,24.85,1100,2020/01/01,12.2
﻿勐卡,99.45,22.73,1952,2020/01/01,15.5
﻿底尼,102.08,24.62,2240,2020/01/01,7.9
﻿盘龙,104.32,23.54,1527,2020/01/01,14
﻿勐统,99.64,24.52,1129,2020/01/01,12.6
﻿先锋,103,25.49,2034,2020/01/01,8.7
﻿钟英乡,100.76,26.16,1436,2020/01/01,13.1
﻿大羊街,102.18,23.37,1758,2020/01/01,14.7
﻿龙江,98.67,24.76,1348,2020/01/01,11.5
﻿草坝,103.4,23.52,1290,2020/01/01,16.9
﻿李棋,102.55,24.39,1648,2020/01/01,13.4
﻿兴蒙,102.66,24.16,1816,2020/01/01,12.7
﻿八岔哨村,103.28,25.79,2010,2020/01/01,10.5
﻿康平,101.37,22.69,927.3,2020/01/01,16.5
﻿那玉,100.24,23.65,1719,2020/01/01,13.2
﻿万德,102.18,26,1957,2020/01/01,11.8
﻿甸沙,103.1,25.68,2050,2020/01/01,5.8
﻿上江,99.65,27.37,1896,2020/01/01,7
﻿珠琳正街,104.66,23.99,1411,2020/01/01,14.3
﻿广卫,102.79,24.96,1916,2020/01/01,12.4
﻿西街口,103.52,24.83,1982,2020/01/01,11.9
﻿益智,100.59,23.21,830,2020/01/01,16
﻿白龙潭公园,102.84,24.88,1959,2020/01/01,11.3
﻿者桑,105.97,23.77,405.6,2020/01/01,16.7
﻿程海,100.68,26.46,1546,2020/01/01,13
﻿平寨,104.37,24.06,1355,2020/01/01,13.2
﻿糯黑,103.53,24.67,1988,2020/01/01,10.7
﻿更戛,99.52,24.46,1701,2020/01/01,9.5
﻿宝藏,101.65,22.68,815,2020/01/01,17.6
﻿新街,101.25,25.81,1843,2020/01/01,7.6
﻿湾塘,103.74,23.1,418,2020/01/01,20.2
﻿五街,101.01,25.15,2240,2020/01/01,7.7
﻿中和,98.4,25.07,1443,2020/01/01,9.9
﻿竹山村委会,103.08,24.64,2309,2020/01/01,8.5
﻿寿山,103.91,27.9,934,2020/01/01,8
﻿拉市,100.15,26.86,2445,2020/01/03,5.4
﻿武定,102.42,25.5,1799.1,2020/01/01,11.1
﻿菠萝村,100.67,24.76,1946,2020/01/01,11.2
﻿勐满二区7队,101.22,21.68,842,2020/01/01,19.6
﻿黑支果,105.17,23.63,1544,2020/01/01,13.6
﻿杨广,102.79,24.14,1819,2020/01/01,13.2
﻿东山乡,104.28,23.42,1420,2020/01/01,14.8
﻿金方凌波社区,102.5,24.89,1910,2020/01/01,11.5
﻿东风五区,100.86,21.69,646,2020/01/01,18.7
﻿洛本卓 ,98.9,26.42,1020,2020/01/01,11.7
﻿勐汞,99.23,23.97,1510,2020/01/01,12.1
﻿汤郎,102.29,26.19,1854,2020/01/01,12.3
﻿人民东路,102.72,25.04,1920,2020/01/01,12.9
﻿官寨,104.03,24.3,1240,2020/01/01,13.7
﻿富村,104.46,25.36,1986,2020/01/01,11
﻿五龙,104.28,24.62,960,2020/01/01,14.4
﻿剑川老君,99.53,26.59,2435,2020/01/01,3.9
﻿大山,100.07,23.01,1526,2020/01/01,14.4
﻿晋宁七中,102.69,24.68,1918,2020/01/01,12
﻿薄竹镇,103.95,23.48,1522,2020/01/01,14.5
﻿者竜,101.36,24.31,1497,2020/01/01,12.5
﻿云龙,99.37,25.89,1723.9,2020/01/01,8.7
﻿虚凝寺,102.71,25.11,2015,2020/01/01,11.6
﻿发展河,100.18,22.33,1440,2020/01/01,13.7
﻿永胜,100.75,26.68,2130.5,2020/01/01,7
﻿板桥,104.07,26.09,2039,2020/01/01,11.1
﻿泗南江,101.76,23.13,765,2020/01/01,20.2
﻿勐来,99.29,23.27,1223.9,2020/01/01,13.1
﻿通关收费站,101.38,23.3,1487,2020/01/01,13.7
﻿娜允,99.65,22.37,1048.4,2020/01/01,15.2
﻿红岩,103.01,24.38,2057,2020/01/01,11
﻿阳宗海管委会,103.02,24.91,1775,2020/01/01,10.2
﻿老城,101.9,25.62,1289,2020/01/01,16
﻿镇康,98.82,23.76,1053.8,2020/01/01,14.2
﻿瓦窑,99.23,25.47,1869,2020/01/01,7.7
﻿茂兰,100.24,24.58,1174.9,2020/01/01,15.4
﻿马街,103.21,25.2,1732,2020/01/01,10.7
﻿康普,99.03,27.6,1820,2020/01/01,6.8
﻿岩落村,100.19,27.86,2355,2020/01/01,7.8
﻿碑格,103.58,23.68,1861,2020/01/01,13.6
﻿马街社区,102.63,25.04,1901,2020/01/01,11.4
﻿云仙,100.69,22.94,1130,2020/01/01,14.5
﻿老窝 ,99.1,25.8,2180,2020/01/01,6.7
﻿东山,100.9,26.36,2475,2020/01/01,8.3
﻿牛街社区,102.99,25.83,2052,2020/01/01,8.6
﻿羊街,101.92,25.5,1855,2020/01/01,12.7
﻿柴河,102.69,24.6,1955,2020/01/01,9.8
﻿明永冰川,98.77,28.45,2930,2020/01/01,0.8
﻿花箐,102.92,25.12,2021,2020/01/01,9
﻿全河,100.22,23.84,803,2020/01/01,12.1
﻿勐旺,101.29,22.49,1141,2020/01/01,15.8
﻿小石桥,102.61,24.44,2088,2020/01/01,10.7
﻿营盘村,103.15,26.16,2213,2020/01/01,12.6
﻿燕门,98.92,28.07,2081,2020/01/01,6.4
﻿新寨村,102.7,24.49,2049,2020/01/01,10
﻿古城,102.79,25.62,2064,2020/01/01,9.5
﻿瓦纳,101.89,23.52,1063,2020/01/01,16.7
﻿腊品,101.97,24.49,1913,2020/01/01,12.5
﻿甘顶站,103.93,28.07,1612,2020/01/01,3
﻿大山包,103.33,27.41,3133,2020/01/01,3.9
﻿漾濞鸡街,99.94,25.26,1489,2020/01/01,11.7
﻿南糯山,100.6,21.96,1302,2020/01/01,15.1
﻿甲寅,102.42,23.26,1712,2020/01/01,14.1
﻿福荣,99.14,23.52,839,2020/01/04,15.5
﻿款庄拖卓,102.6,25.41,2001.3,2020/01/01,10.5
﻿光华,100.62,26.86,1598,2020/01/01,9.4
﻿大姚,101.32,25.72,1878.1,2020/01/01,10.7
﻿曼满水库,100.21,21.88,1335,2020/01/01,14.7
﻿沙桥,101.14,25.24,1908,2020/01/01,9.1
﻿三坝,100.05,27.48,2364,2020/01/01,7
﻿宾川鸡足山,100.4,25.94,1821,2020/01/01,10.1
﻿那达勐水库,100.47,21.78,1565,2020/01/01,13.1
﻿漾濞漾江,99.93,25.79,1647,2020/01/01,9.5
﻿吉利,103.98,27.99,795,2020/01/01,8.8
﻿逢春岭,103.12,23.02,1263,2020/01/01,14.3
﻿小街,102.13,24.86,1810,2020/01/01,9.5
﻿祥云下庄,100.79,25.44,2070,2020/01/01,10.2
﻿洱源,99.96,26.11,2059.9,2020/01/01,7.6
﻿丽江,100.22,26.85,2380.9,2020/01/01,7.2
﻿甸心,102.6,24.72,1893,2020/01/01,11.6
﻿下金厂,104.8,23.18,1464,2020/01/01,12.2
﻿屏山镇战备水库,102.54,25.54,1896,2020/01/01,9.9
﻿下营,102.23,24.39,1620,2020/01/01,12.4
﻿勐拉,103.08,22.67,350,2020/01/01,20.8
﻿雄关爬地,102.88,24.3,2105,2020/01/01,11.5
﻿邦东,98.17,24.46,1681.8,2020/01/01,12
﻿茨坝,102.74,25.15,1961,2020/01/01,10.9
﻿马龙,103.57,25.43,2067.1,2020/01/01,10.1
﻿大坪,103.08,22.92,1567,2020/01/01,13.5
﻿白水,104.01,25.64,2046,2020/01/01,9.9
﻿新安,101.58,23.58,1332,2020/01/01,15.3
﻿东村村委会,102.66,25.17,1920,2020/01/01,9
﻿北小村村,103.39,24.85,1892,2020/01/01,12
﻿秉烈乡,104.1,23.62,1441,2020/01/01,12.5
﻿稼依,103.95,23.74,1446,2020/01/01,14.6
﻿阿都,104.49,26.53,1507,2020/01/01,10.8
﻿洛凌茶厂,99.64,23.8,1336,2020/01/01,12.7
﻿德厚,103.93,23.55,1504,2020/01/01,14.3
﻿白邑,102.88,25.3,1984,2020/01/01,9.2
﻿岔河,101.27,25.31,2100,2020/01/01,6.2
﻿涛源,100.58,26.22,1267,2020/01/01,14.2
﻿坝子,105.23,23.88,1182,2020/01/01,14.4
﻿海口中平,102.54,24.8,1890,2020/01/01,10.9
﻿松华街道,102.74,25.25,2159,2020/01/01,9.4
﻿戌街,101.67,25.58,1836,2020/01/01,12.5
﻿上江 ,98.89,25.65,753,2020/01/01,12.9
﻿黄家寨,98.32,24.22,2000,2020/01/01,14.7
﻿郭大寨乡,99.77,24.28,1760,2020/01/01,11.4
﻿宁安,100.08,23.56,1836,2020/01/01,10.6
﻿旧莫,104.86,23.95,1212,2020/01/01,15.1
﻿平远,103.78,23.75,1462,2020/01/01,14.2
﻿宁河,101.94,23.96,2071,2020/01/01,11.5
﻿五里村,100.44,24.68,1287,2020/01/01,13.6
﻿茶房,100.19,24.24,1632.1,2020/01/01,10.1
﻿小百户,103.57,25.04,1902,2020/01/01,11.3
﻿勐旺村,98.56,24.28,1464,2020/01/01,11.7
﻿散旦镇,102.66,25.31,1850,2020/01/01,9.7
﻿麻栗树,101.94,24.8,1949,2020/01/01,11.3
﻿者腊,104.48,23.65,1520,2020/01/01,14.1
﻿大山,99.38,23.94,1320,2020/01/01,13.4
﻿珠街,99.93,25.04,1826,2020/01/01,10.5
﻿和平,103.78,23.25,1384,2020/01/01,14.2
﻿法克头,102.76,25.34,2290,2020/01/01,9.3
﻿麻地箐,103.08,24.99,2202,2020/01/01,11.7
﻿仓房村委会,103.05,25.99,2170,2020/01/01,9
﻿蒲缥,99.01,25.01,1360,2020/01/01,12.4
﻿火石坡,102.78,24.57,2105,2020/01/01,10.9
﻿大关,103.89,27.75,1176.2,2020/01/01,6.6
﻿瑞丽,97.85,24,762.9,2020/01/01,14.9
﻿三达山,100.87,22.04,992,2020/01/01,20
﻿单甲,99.41,23.2,1875.6,2020/01/01,11.2
﻿分水岭,103.23,22.86,2021,2020/01/01,12.7
﻿后河村,100.54,24.35,1608,2020/01/01,12.8
﻿小湾东镇,100.03,24.13,2216,2020/01/01,9
﻿云美,102.23,24.34,1750,2020/01/01,12.1
﻿新街镇,102.73,23.15,1635,2020/01/01,13.5
﻿新街,103.44,27.43,2114,2020/01/01,5.9
﻿禄裱北冲村,102.21,25.02,1971,2020/01/01,8.5
﻿金墩乡,100.2,26.49,2203,2020/01/01,6.6
﻿羊场,104.25,26.01,1970,2020/01/01,11
﻿冰岛湖,99.88,23.7,1000,2020/01/01,13.4
﻿双河幼儿园,102.43,24.57,1995,2020/01/01,8.7
﻿茂林站,103.59,27.63,2281,2020/01/01,5.4
﻿西福景苑,102.65,25.05,1917,2020/01/01,12
﻿独田,101.47,24.56,1773,2020/01/01,12.7
﻿龙潭乡,99.87,25.38,2068,2020/01/01,9.4
﻿滇源甸尾,102.87,25.21,1980,2020/01/01,8.7
﻿九河,99.99,26.75,2396,2020/01/01,3.7
﻿官山,100.16,23.55,1041,2020/01/01,14.5
﻿班老,98.95,23.32,1456,2020/01/01,15
﻿勐库,99.88,23.62,1125,2020/01/01,13.6
﻿花山,101.11,24.27,1226,2020/01/01,13.3
﻿天星,104.29,23.95,1558,2020/01/01,14.3
﻿鲁嘎村委会,102.9,25.72,2151,2020/01/01,8.7
﻿鲁纳,103.61,26.25,2283,2020/01/01,9
﻿芦山村,100.66,22.93,1878,2020/01/01,12.8
﻿峨山,102.41,24.18,1600,2020/01/01,12.1
﻿竹园,104.3,25.41,1790,2020/01/01,11.7
﻿富恒乡,99.66,25.66,2054,2020/01/01,7.7
﻿袜度,103.48,25.35,2007,2020/01/01,10
﻿新店,103.25,27.11,1730,2020/01/01,10
﻿石坎,105.15,27.79,991,2020/01/01,7.4
﻿扬武,102.16,23.94,1410,2020/01/01,15.1
﻿老气象站,102.92,26.91,840.7,2020/01/01,17.1
﻿吉利村站,104.01,28.01,561,2020/01/01,11.2
﻿大渡岗,100.94,22.36,1370,2020/01/01,16.4
﻿龙潭,100.66,22.68,1068,2020/01/01,15.4
﻿旧城,98.08,24.74,852,2020/01/01,15.1
﻿勐班,100.36,23.11,1190,2020/01/01,13.8
﻿太平乡,99.87,25.61,2416,2020/01/01,6.4
﻿半坡,102.12,22.65,439,2020/01/01,22.7
﻿坝洒中寨一组,103.82,22.67,580,2020/01/01,18.4
﻿洱源牛街,99.99,26.25,2119,2020/01/01,7.5
﻿罗雄,104.31,24.88,1482,2020/01/01,13
﻿仁和,104.29,22.95,1613,2020/01/01,13
﻿八宝中校,105.44,23.71,1140,2020/01/01,15.9
﻿吕合,101.39,25.15,1843,2020/01/01,8
﻿广南,105.05,24.05,1249.6,2020/01/01,15.1
﻿牛孔,102.08,23.01,1080,2020/01/01,15.8
﻿八达,104.98,24.37,785,2020/01/01,14.9
﻿勐腊五区场部,101.43,21.59,759,2020/01/01,17.6
﻿广通,101.75,25.16,1798,2020/01/01,9.7
﻿墨江,101.67,23.46,1366,2020/01/01,13.3
﻿孟弄,101.52,23.73,1424,2020/01/01,15.2
﻿漠沙,101.72,23.85,597,2020/01/01,18.3
﻿路居,102.84,24.33,1807,2020/01/01,12.5
﻿布朗山,100.41,21.59,1294,2020/01/01,16.4
﻿迤六,102.66,25.38,1812,2020/01/01,10.4
﻿下关,100.22,25.57,2116,2020/01/01,9.4
﻿路东村,100.93,24.15,1482,2020/01/01,13.2
﻿新城,102.43,23.72,1400,2020/01/01,13.3
﻿龙保,103.16,24.77,1593,2020/01/01,14.4
﻿金水河,103.16,22.61,317,2020/01/01,20.8
﻿普立,104.56,26.35,1933,2020/01/01,10.5
﻿剥隘,106.08,23.89,360,2020/01/01,19.8
﻿八宝,105.41,23.75,1582,2020/01/01,15.5
﻿晋宁,102.57,24.68,1979.2,2020/01/01,11.5
﻿爱尼山,101.56,24.49,1685,2020/01/01,12.6
﻿忙丙,99.16,23.94,1867,2020/01/01,9.5
﻿宜就,101.54,25.98,1710,2020/01/01,12.2
﻿红土地,103.02,26.02,2511,2020/01/01,9
﻿后所,104.3,25.81,2090,2020/01/01,10.6
﻿盐井村,102.77,24.63,1949,2020/01/01,11.2
﻿汤丹,103.05,26.19,2246.6,2020/01/01,10.3
﻿海东,100.26,25.7,2012,2020/01/01,10.3
﻿滇滩,98.41,25.53,1767,2020/01/01,7
﻿五境,99.45,27.7,1947,2020/01/01,7.1
﻿太平学校,102.59,24.95,1890,2020/01/01,9.5
﻿富岩,99.41,22.38,1500,2020/01/01,14.8
﻿碧鸡,102.63,24.99,1902,2020/01/01,11.1
﻿团结雨花,102.59,25.08,2185,2020/01/01,7.3
﻿骆子菁交通站,102.3,24.08,1561,2020/01/01,14.6
﻿关累港口,101.13,21.68,452,2020/01/01,20
﻿马街,103.75,24.96,1840,2020/01/01,12.5
﻿禄裱,102.27,24.97,1880,2020/01/01,9.8
﻿万兴中山,99.13,24.58,2054,2020/01/01,9.4
﻿昔马,97.69,24.73,1690,2020/01/01,8
﻿江北3号,100.8,22.05,890,2020/01/01,20.1
﻿纳古,102.73,24.18,1827,2020/01/01,13.2
﻿整碗,100.86,22.76,1284.5,2020/01/01,14.5
﻿元阳,102.82,23.23,312.3,2020/01/01,21.2
﻿瓦厂乡,99.97,25.44,1639,2020/01/01,10.9
﻿碧安,100.43,23.07,1384,2020/01/01,13.3
﻿牛街乡,100.09,25.03,2207.6,2020/01/01,7.8
﻿三塘,103.84,24.42,2090,2020/01/01,11.1
﻿宝山,104.46,26.31,2001,2020/01/01,9.7
﻿华叶庄园,100.05,23.7,1851.5,2020/01/01,10.2
﻿祥云,100.58,25.49,1992.9,2020/01/01,10.6
﻿丹凤,104,24.83,1844.2,2020/01/01,11.8
﻿瑶区,101.54,21.72,793,2020/01/01,17.4
﻿茶叶林,98.9,24,1021,2020/01/01,13.4
﻿北城,102.55,24.43,1675,2020/01/01,13.1
﻿平村,100.33,23.66,1165,2020/01/01,14.1
﻿龙华,103.83,25.58,1898.7,2020/01/01,11.7
﻿漫湾,100.49,24.65,1412,2020/01/01,13.6
﻿罗平板桥,104.47,24.97,1442,2020/01/01,13
﻿勐旺,98.44,24.24,1674,2020/01/01,11.5
﻿柏枝小学,101.55,23.78,1953,2020/01/01,11.4
﻿太平读书铺村,102.55,24.95,1889,2020/01/01,10.7
﻿鸡飞,99.47,24.73,1050,2020/01/01,12.5
﻿东华,102.74,25.05,1883,2020/01/01,13
﻿前卫烤烟站,102.73,24.34,1728,2020/01/01,11.7
﻿通海,102.75,24.13,1801.8,2020/01/01,12.5
﻿湾丹,98.22,24.39,1545,2020/01/01,13.7
﻿丫勒,101.99,24.27,1400,2020/01/01,16
﻿勐混镇,100.38,21.84,1208,2020/01/01,14.9
﻿营盘山,101.08,22.68,1505.5,2020/01/01,12.2
﻿勐典河电站,97.77,24.99,1195.5,2020/01/01,11.3
﻿曲靖,103.8,25.5,1906.2,2020/01/01,12.3
﻿帮东,100.35,23.92,1620,2020/01/01,13
﻿公信,99.33,22.32,1344.2,2020/01/01,16
﻿珠琳,104.63,23.99,1411,2020/01/01,14.4
﻿官屯,101.18,25.5,1973,2020/01/01,9.8
﻿柏林,104.73,23.24,1342,2020/01/01,13.7
﻿骂秧村,102.93,25.88,2061,2020/01/01,8.9
﻿勐永镇,99.76,23.95,1213,2020/01/04,13.7
﻿盘溪,103.12,24.22,1180,2020/01/01,16.3
﻿诗礼,99.94,24.92,1580,2020/01/01,12
﻿文龙,100.73,24.64,1298,2020/01/01,12.4
﻿底圩,104.88,24.28,1000,2020/01/01,14.7
﻿宝象河水库,102.93,25.04,2077,2020/01/01,9.8
﻿来宾,104.16,26.31,1985,2020/01/01,10.1
﻿细博,100.15,23.64,1164,2020/01/01,13.4
﻿宁蒗,100.86,27.26,2367.2,2020/01/01,5.6
﻿牛街,102.77,25.01,1922,2020/01/01,12.4
﻿法裱,101.83,24.58,2035,2020/01/01,9.8
﻿南庄,102.82,23.73,1410,2020/01/01,15.2
﻿西就,102.15,24.37,1777,2020/01/01,10.9
﻿河外,102.2,24.27,1313,2020/01/01,11.9
﻿南天门,99.35,23.63,1691,2020/01/01,13
﻿江坡,101.63,25.27,1797,2020/01/07,10.4
﻿橄榄坝,100.58,22.49,628,2020/01/01,17.8
﻿新平,101.97,24.07,1497.5,2020/01/01,13.5
﻿木城,98.92,24.2,1268,2020/01/01,13.2
﻿东风,103.4,24.31,1452,2020/01/01,14.5
﻿南华,100.74,26.62,2130,2020/01/01,6.7
﻿大桥,102.33,23.87,1067,2020/01/01,15.1
﻿下对龙,102.97,25.21,2016,2020/01/01,10.6
﻿福保,102.69,24.94,1919,2020/01/01,12.7
﻿翠依,100.67,27.45,2253,2020/01/01,6.9
﻿红星村,101.87,24.04,1551,2020/01/01,15
﻿大黑山,101.97,22.85,557,2020/01/01,18.9
﻿同心,101.05,22.95,1217,2020/01/01,14.4
﻿九华,102.75,25.73,2050,2020/01/01,7.9
﻿文兴,104.51,26.45,1715,2020/01/01,11
﻿董堡,105.15,23.9,1269,2020/01/01,14
﻿三台山公园,102.8,24.9,1938,2020/01/01,11.8
﻿矿山,103.69,26.63,2334.5,2020/01/01,7.6
﻿篾厂,104.04,22.91,1445,2020/01/01,13.6
﻿禄丰,102.1,25.11,1671.4,2020/01/01,10.5
﻿新营小学,103.13,25.28,1906,2020/01/01,11.1
﻿马街,105.06,23.46,1354,2020/01/01,14.6
﻿打洛镇勐板,100.21,21.75,721,2020/01/01,18.3
﻿剑川甸南,99.94,26.43,2220,2020/01/01,5.4
﻿则邑村委会,102.8,25.9,2357,2020/01/01,8
﻿金牛镇,100.61,25.9,1543,2020/01/01,13.7
﻿大窝铺村,102.97,25.53,2589,2020/01/01,7.2
﻿大寨,100.28,24.11,1428.5,2020/01/01,13.5
﻿恢厂村,102.59,24.74,1907,2020/01/01,12.2
﻿腾冲城市气象站,98.5,25.02,1654.6,2020/01/07,9.9
﻿晋城大河,102.77,24.54,2063,2020/01/01,11
﻿小冲,104.34,25.85,2096.1,2020/01/01,10.3
﻿红土坡,100.82,25.04,1655,2020/01/01,13.2
﻿芒卡,98.91,23.5,708,2020/01/01,15.7
﻿紫溪,101.36,25.04,2365,2020/01/01,9.3
﻿扒街,99.62,22.58,816,2020/01/01,15.2
﻿阿子营甸头,102.85,25.41,2130,2020/01/01,8.6
﻿落水,103.99,26.16,2005,2020/01/01,9.3
﻿双沟街,101.57,23.72,1947,2020/01/01,12.3
﻿振峰都市农庄,102.66,25.18,1900,2020/01/01,8.2
﻿平原三队,97.97,24.72,834,2020/01/01,13.9
﻿龙蟠,100.07,27.11,1959,2020/01/01,7
﻿蚌峨,104.64,23.6,1476,2020/01/01,14.6
﻿板仑,105.7,23.56,704,2020/01/01,17.5
﻿丘北,104.18,24.04,1518.7,2020/01/01,15.1
﻿曼典,100.65,22.13,1122,2020/01/01,16.7
﻿马站,98.5,25.21,1911,2020/01/01,7.3
﻿西庄,102.65,23.57,1350,2020/01/01,14.9
﻿王官,102.76,24.91,1900,2020/01/01,12.5
﻿军赛,99.32,23.73,575,2020/01/01,16.5
﻿小勐统,99.29,24.19,1540,2020/01/01,11.3
﻿盘龙体育城,104.25,23.35,1269,2020/01/01,16.3
﻿勐撒镇,99.62,23.74,1323,2020/01/04,11.5
﻿甘庄 ,102,23.7,821,2020/01/01,18.5
﻿中路乡,99.15,27.17,1680,2020/01/01,7.2
﻿涌宝,100.32,24.28,1850,2020/01/01,8.4
﻿太平,101.24,25.39,1931,2020/01/01,7.7
﻿滇源三转弯,102.86,25.39,2387,2020/01/01,8.5
﻿安康,99.74,23.16,1770,2020/01/01,11.5
﻿县街学校,102.41,25.19,1895,2020/01/01,9.9
﻿马街,102.67,23.26,1051,2020/01/01,16.4
﻿大田坝,99.53,25.05,1783,2020/01/01,10.7
﻿金所园区,103.2,25.55,2027,2020/01/01,10.1
﻿双河,102.42,24.55,2001,2020/01/01,9.1
﻿研和,102.5,24.26,1643,2020/01/01,12.5
﻿坝达,104.51,24.38,866,2020/01/01,14.4
﻿盘江,103.13,24.02,1110,2020/01/01,15.4
﻿剑川马登,99.6,26.45,2380,2020/01/01,4.6
﻿扯度,103.49,25.55,2049,2020/01/01,9.4
﻿都拉村,100.97,24.23,1136,2020/01/01,14
﻿新街,103.54,26.39,2230,2020/01/01,6.4
﻿日先永河,99.75,28.24,3048,2020/01/01,0
﻿砚山,104.34,23.6,1561.1,2020/01/01,14.2
﻿沙沟,102.9,25.05,2009,2020/01/01,9.9
﻿银厂,105.12,27.43,1576,2020/01/01,4.6
﻿边江,100.15,23.35,1716,2020/01/01,16.4
﻿水尾村,103.2,24.55,1694,2020/01/01,12.9
﻿罗申,101.75,25.29,1869,2020/01/01,10.8
﻿马者哨,103.42,23.73,1931,2020/01/01,12.8
﻿江城,102.81,24.43,1741,2020/01/01,12.7
﻿母享,105.19,27.57,1258,2020/01/01,6.1
﻿文井,100.93,24.3,1136,2020/01/01,13.6
﻿漕涧镇,99.13,25.68,2152,2020/01/01,6.8
﻿马军,102.83,25.33,2140,2020/01/01,7.8
﻿杨柳,104.28,26.62,1640,2020/01/01,11.4
﻿永仁,98.87,28.19,1927,2020/01/01,7.7
﻿白沙,100.23,26.95,2415,2020/01/01,5.9
﻿鲁家山村,100.02,24.83,2130,2020/01/01,10.1
﻿南台,104.87,27.44,1698,2020/01/01,5.3
﻿民主,99.27,25.62,1510,2020/01/01,10.4
﻿金秀园,103.81,25.44,1870,2020/01/01,10.1
﻿新营盘,100.92,27.14,2542,2020/01/01,5.7
﻿雪山风景区,102.84,26.09,2612,2020/01/01,8.3
﻿东山村,102.95,25.29,1934,2020/01/01,11.2
﻿坪上,104.65,27.44,1460,2020/01/01,4.9
﻿刘厂蔬菜基地,100.75,25.48,1970,2020/01/01,8.8
﻿文东,99.9,23.17,1948,2020/01/01,11.8
﻿坝溜,101.86,23.05,1883,2020/01/01,13.3
﻿崇岗,99.43,23.87,980,2020/01/01,13.9
﻿大渔,102.79,24.83,1887,2020/01/01,11.6
﻿虹溪,103.32,24.15,1476,2020/01/01,14.6
﻿四营,103.14,25.28,1897,2020/01/01,11.7
﻿小中甸,99.81,27.56,3230,2020/01/01,-0.9
﻿羊街云海,102.03,23.46,1769,2020/01/01,13.8
﻿妥安,101.71,25.32,1696,2020/01/01,11.8
﻿墨江龙潭,101.59,23.08,1859,2020/01/01,13.4
﻿州城镇,100.54,25.66,1571,2020/01/01,12.9
﻿河西,102.65,24.14,1826,2020/01/01,12.6
﻿勐满,101.3,21.3,613,2020/01/01,19
﻿上新城,102.98,23.07,1600,2020/01/01,13
﻿城子上,104.68,23,799,2020/01/01,17.2
﻿兴泉,101.42,26.62,1245,2020/01/01,11.5
﻿五老山,100.18,23.91,2240,2020/01/01,7.6
﻿彝良,104.07,27.63,1035,2020/01/01,8.7
﻿华龙湖,104.22,23.4,1259,2020/01/01,16.3
﻿三营镇,99.99,26.18,2094,2020/01/01,7.5
﻿独龙江 ,98.34,27.88,1498,2020/01/01,7.6
﻿荷叶山公园,102.69,25.07,1955,2020/01/01,12.2
﻿盐源,104.62,27.63,1332,2020/01/01,4.9
﻿青龙厂,102.04,23.76,1330,2020/01/01,15.4
﻿小坝子,104.31,22.81,1535,2020/01/01,12.1
﻿青龙,102.75,23.56,1401,2020/01/01,14.1
﻿官厅,102.72,23.37,1700,2020/01/01,13.2
﻿云坪村,102.86,26.26,3024,2020/01/01,4.5
﻿糯福,99.68,22.22,1372,2020/01/01,15
﻿文玉村,100.46,24.02,1158,2020/01/01,14
﻿纸厂,103.46,26.94,2050,2020/01/01,11.2
﻿三家村,102.6,25.05,2225,2020/01/01,8.8
﻿勐满镇,100.13,22.18,900,2020/01/01,17.8
﻿维西,99.29,27.18,2326.1,2020/01/01,4.2
﻿景洪,100.78,22.01,582,2020/01/01,19.8
﻿香格里拉,99.75,27.85,3341.5,2020/01/01,-1.8
﻿景迈,100.01,22.2,1627,2020/01/01,15.2
﻿马楠站,103.63,28.01,1796,2020/01/01,4
﻿上蒜,102.77,24.68,1918,2020/01/01,12.4
﻿适中,101.5,25.57,1850,2020/01/01,9.7
﻿县街鸣矣河小学,102.43,24.79,1895,2020/01/01,9.9
﻿者兔,104.79,24.14,1432,2020/01/01,13
﻿格咱,99.77,28.05,3102,2020/01/01,-1.6
﻿金厂,104.46,22.77,1577,2020/01/01,13.7
﻿允楞水库,99.41,23.58,1139,2020/01/01,13.7
﻿勐库冰岛,99.9,23.79,1697,2020/01/01,11.9
﻿帮海,99.08,24.03,1096,2020/01/01,13.7
﻿大坪,104.59,23.11,1540,2020/01/01,13.4
﻿利民,102.97,23.95,1897,2020/01/01,13
﻿楚雄,101.55,25.03,1824.1,2020/01/01,11.4
﻿瑶山,103.73,22.79,869,2020/01/01,16.1
﻿六库,98.85,25.87,949.9,2020/01/01,13.3
﻿鲁布革,104.54,24.78,829,2020/01/01,15.2
﻿姐冒,97.82,24.55,806,2020/01/01,14.9
﻿站屯,103.36,24.91,1864,2020/01/01,11.9
﻿永宁坪,101,26.7,2608,2020/01/01,5
﻿称杆 ,98.87,26.26,855,2020/01/01,12.8
﻿罗坪村水库,104.06,28.38,1328,2020/01/01,4.1
﻿海潮村,103.07,25.26,1913,2020/01/01,11.7
﻿龙朋,102.56,23.89,1764,2020/01/01,11.6
﻿毛坝子村,102.95,26.01,2953,2020/01/01,6
﻿安乐,101.67,25.47,1944,2020/01/01,9.7
﻿猛硐,104.71,22.88,1084,2020/01/01,15.8
﻿双柏,101.6,24.68,1968.1,2020/01/01,11.1
﻿营盘 ,99.15,26.47,1649.6,2020/01/01,10.2
﻿赤鹫龙潭,102.52,25.42,1944.6,2020/01/01,11.3
﻿里山,102.75,24.07,1830,2020/01/01,10.5
﻿乌龙包包村,103.11,26.16,1745,2020/01/01,16.8
﻿通关,101.44,23.24,1879,2020/01/01,13.1
﻿石月亮 ,98.9,27.25,1390,2020/01/01,8.7
﻿白济汛乡,99.08,27.37,1650,2020/01/01,7.1
﻿昆玉高速澄江出口,102.78,24.79,1900,2020/01/01,12
﻿旧城,103.67,24.63,1830,2020/01/01,12.1
﻿木杵榔,102.26,24.49,1954,2020/01/01,12.7
﻿太平地,101.76,26.13,1665,2020/01/01,11.4
﻿大红山,101.63,24.1,877,2020/01/01,17.3
﻿乌龙半坡村,103.07,26.01,1912,2020/01/01,12.6
﻿思茅,100.96,22.79,1302.1,2020/01/01,15.6
﻿莲华,102.71,25.08,1923,2020/01/01,12.2
﻿班洪,99.1,23.29,1160.5,2020/01/01,15.7
﻿北衙,100.2,26.15,1914,2020/01/01,10.6
﻿把租,101.56,24.31,1710,2020/01/01,13.2
﻿小凹村,102.89,24.41,1723,2020/01/01,13.8
﻿兴隆站,104.38,28.27,652,2020/01/01,7.8
﻿老厂,103.21,23.3,2413,2020/01/01,9.3
﻿顺州,100.56,26.62,2212,2020/01/01,5.9
﻿土官村,99.96,27.37,2620,2020/01/01,2.6
﻿营盘,102.93,22.88,1515,2020/01/01,15.4
﻿新乐村,102.98,26.07,2240,2020/01/01,10.5
﻿金方,102.5,24.88,1840,2020/01/01,11.5
﻿曼贺宽,100.9,21.9,554,2020/01/03,18.3
﻿易门,102.18,24.66,1600.9,2020/01/01,11.4
﻿景星,101.36,23.49,1965,2020/01/01,12.1
﻿宾川,100.57,25.83,1438.7,2020/01/01,12.8
﻿永平厂街,99.55,25.27,1895.8,2020/01/01,9.8
﻿红旗,100.86,27.35,2260,2020/01/01,5.4
﻿芒翁,99.48,23.41,1317,2020/01/01,13.4
﻿夕阳,102.28,24.47,1818,2020/01/01,13.1
﻿巨甸,99.65,27.3,1910,2020/01/01,7.3
﻿西邑镇,100.17,26.25,2393,2020/01/01,7.8
﻿那迪,101.82,25.61,2014,2020/01/01,9.6
﻿鸣音,100.37,27.28,2925,2020/01/01,2.3
﻿曲水,102.19,22.49,548,2020/01/01,19.1
﻿永定松林,102.52,25.16,1945,2020/01/01,10.2
﻿芦子园,99.07,23.86,1524,2020/01/01,13.8
﻿金平,103.23,22.78,1260,2020/01/01,16.2
﻿小河,103.65,25.57,1909,2020/01/01,10.8
﻿水磨,103.4,27.24,2260,2020/01/01,7.9
﻿大板桥集镇片区,102.88,25.05,1922,2020/01/01,10.5
﻿青龙水库,102.67,25.24,1915,2020/01/01,10.1
﻿菜子地,102.93,25.38,2713,2020/01/01,6.7
﻿普洱,104.12,28.22,649,2020/01/01,8.9
﻿沟边,104.96,27.49,1554,2020/01/01,5.9
﻿金棉,100.61,27.22,2030,2020/01/01,9.1
﻿高仓,102.57,24.28,1857,2020/01/01,10.9
﻿芒洪乡,99.6,23.61,1800,2020/01/01,12.6
﻿六河,104.9,23.32,866,2020/01/01,16.7
﻿青坪栈,104.26,28.5,415,2020/01/01,9.8
﻿关累,101.28,21.7,653,2020/01/01,18.5
﻿勐角,99.24,23.23,1310.7,2020/01/01,13.1
﻿雪山镇,99.94,24.32,1675,2020/01/01,11.7
﻿洛吉,100.2,27.78,2126,2020/01/01,6.2
﻿云龙检槽,99.31,26.07,1965,2020/01/01,6.5
﻿芒部,104.86,27.62,1636,2020/01/01,3.7
﻿余家海,102.63,24.64,1976,2020/01/01,10.3
﻿ 大朝山西镇,100.33,24.03,1602.5,2020/01/04,15
﻿勐板,99.13,24.06,1375,2020/01/01,13.5
﻿寻甸,103.27,25.52,1865.8,2020/01/01,10.6
﻿哨冲,102.5,23.98,2000,2020/01/01,11.1
﻿玉碗站,103.87,27.67,1260,2020/01/01,6.3
﻿永平,99.53,25.45,1616.7,2020/01/01,9.7
﻿龙街,103,24.65,1930,2020/01/01,13.3
﻿普坪社区,102.63,25.02,1937,2020/01/01,11.4
﻿莲池,101.66,26.03,1531,2020/01/01,12.3
﻿小黑江,99.78,23.39,894,2020/01/01,14.7
﻿佛山,98.68,28.72,2158,2020/01/01,8.1
﻿军弄,98.94,23.73,701,2020/01/01,15.8
﻿长安站,104.82,27.84,1050,2020/01/01,6.8
﻿绥江,103.95,28.58,496.6,2020/01/01,10
﻿大井镇,103.49,26.28,2049,2020/01/01,8.2
﻿老吾,102.06,24.58,1610,2020/01/04,13.9
﻿老寨,103.78,23.4,2020,2020/01/01,12.2
﻿江城海门,102.81,24.37,1729,2020/01/01,13.3
﻿黑克,104.53,25.27,2119,2020/01/01,10.5
﻿兴隆村,103.11,25.75,1836,2020/01/01,11.8
﻿前卫,102.71,25.01,1933,2020/01/01,13.1
﻿曙光社区,102.74,25.04,1985,2020/01/01,12.8
﻿王子树,98.17,24.5,1571.8,2020/01/01,9.6
﻿胜境关,104.31,25.6,2056,2020/01/01,11.2
﻿半坡,100.19,23.22,1720.7,2020/01/01,14
﻿云龙长新,99.44,26.08,1855,2020/01/01,7.7
﻿拖布卡镇,103.04,26.37,1941,2020/01/01,12.9
﻿沙营村,102.63,25.33,1807,2020/01/01,10.2
﻿漾濞,99.95,25.68,1626.1,2020/01/01,9.9
﻿大河口,101.01,25.46,1800,2020/01/01,7.9
﻿牛角寨,102.66,23.13,1209,2020/01/01,16.3
﻿乐业镇,103.55,26.72,1835,2020/01/01,9.7
﻿仁和保场,99.17,24.82,1507,2020/01/01,11.7
﻿大雪山,99.74,24.03,966,2020/01/01,15.6
﻿大地基,101.36,24.69,1938,2020/01/01,10.7
﻿龙陵,98.69,24.62,1630.6,2020/01/01,10.6
﻿大庄,103.46,25.22,1904,2020/01/01,9.2
﻿腰街乡,100.19,24.67,2060,2020/01/01,9.2
﻿中屏,102.59,25.85,2563,2020/01/01,7.1
﻿海宜,103.46,24.81,2012,2020/01/01,11.2
﻿湾甸,99.35,24.54,713,2020/01/01,15.2
﻿车古,102.15,23.3,1777,2020/01/01,14.6
﻿龙武,102.4,24,2066,2020/01/01,11
﻿凤屯,101.46,25.25,2053,2020/01/08,9.3
﻿会泽,103.25,26.4,2188.3,2020/01/01,10.1
﻿龙林,101.48,21.55,890,2020/01/01,17.8
﻿打洛镇,100.08,21.7,657,2020/01/01,19
﻿真金万林厂,102.52,25.83,1914,2020/01/01,8.3
﻿太平,99.03,24.82,1845,2020/01/01,8.5
﻿西山,98.21,24.3,1490,2020/01/01,13.7
﻿漾濞顺濞,99.92,25.49,1420,2020/01/01,10.9
﻿芒允七队,97.75,24.55,857,2020/01/01,14.2
﻿孟连,99.6,22.31,1079.9,2020/01/01,16.1
﻿勐养路5号,100.89,22.05,1107,2020/01/01,19.1
﻿小草坝,104.26,27.77,1790,2020/01/01,3
﻿板桥河水库,103.7,24.7,1861,2020/01/01,11.6
﻿勐龙,100.68,21.58,619,2020/01/01,19.3
﻿九龙,104.3,24.93,1522,2020/01/01,12.4
﻿包谷垴,103.35,26.98,1842,2020/01/01,12.3
﻿乔甸镇,100.6,25.6,1662,2020/01/01,11.8
﻿热水,103.77,26.08,1988,2020/01/01,10.5
﻿洱源凤羽,99.93,26,2172,2020/01/01,7.8
﻿钟山,104.62,24.98,1592,2020/01/01,12.8
﻿王家庄,103.5,25.48,1988,2020/01/01,10.1
﻿云县,100.13,24.45,1108.6,2020/01/01,14.6
﻿易武,101.47,21.98,1280,2020/01/01,16.5
﻿永兴,101.53,26.35,1486,2020/01/01,12.6
﻿鼓楼,102.72,25.05,1889,2020/01/01,13
﻿沧源,99.27,23.15,1278.3,2020/01/01,13.5
﻿江川,102.76,24.29,1731.1,2020/01/01,12.4
﻿坝密河,100.15,23.73,1657,2020/01/01,10.6
﻿文山,104.28,23.33,1293.5,2020/01/01,15.8
﻿五印乡,100.13,25.15,1612.2,2020/01/01,9.7
﻿铜厂,103.04,22.8,1646,2020/01/01,13.5
﻿菜阳河,100.93,22.04,1015,2020/01/01,16.9
﻿大理凤仪,100.33,25.5,2028,2020/01/01,8
﻿自卫村水库,102.64,25.11,1940,2020/01/01,10.2
﻿活水,103.95,25.12,1979,2020/01/01,11.6
﻿辛屯镇,100.21,26.66,2204,2020/01/01,7
﻿苏家院,103.58,27.32,1929,2020/01/01,6.8
﻿普吉街道办事处,102.67,25.09,1890,2020/01/01,11.8
﻿煤机厂,102.75,25.07,1930,2020/01/01,11.6
﻿达日,99.18,28.59,2073,2020/01/01,9.1
﻿江东,98.39,24.52,2042,2020/01/01,9.8
﻿三章田,101.23,24.06,1002,2020/01/01,14.4
﻿右所镇,100.04,26.04,1981,2020/01/01,10.5
﻿迤车镇,103.51,26.81,1766,2020/01/01,11
﻿火红,103.65,26.82,2432.8,2020/01/01,8
﻿东坡,102.08,25.9,1251,2020/01/01,15.2
﻿杨万,104.97,23.29,868,2020/01/01,16.6
﻿普洱隧道,101,22.86,1512,2020/01/01,13.8
﻿龙翔站,102.69,25.05,2000,2020/01/01,12.8
﻿现刀站,101.48,24.19,699,2020/01/01,16.2
﻿维登乡,99.17,27.1,1640,2020/01/01,8.2
﻿大风丫口,102.48,25.19,2352,2020/01/01,9.2
﻿柯渡镇,102.85,25.55,1839,2020/01/01,8.8
﻿攀枝花,102.72,23.05,1337,2020/01/01,16
﻿阿岗,104.11,25.08,1956,2020/01/01,12
﻿云鹤镇,100.17,26.56,2197,2020/01/01,7.5
﻿中医学院,102.82,24.84,1949,2020/01/01,12.1
﻿勐远变电所,101.38,21.66,657,2020/01/01,21.1
﻿曼等,100.54,24.29,1691,2020/01/01,12.8
﻿洞波,105.83,23.75,709,2020/01/01,16.1
﻿文武,101.64,23.01,1815,2020/01/01,12.6
﻿老茶吉,102.27,23.61,1800,2020/01/01,13.3
﻿永建镇,100.21,25.43,1770,2020/01/01,9.7
﻿打芒村,102.13,23.38,1530,2020/01/01,15.1
﻿者海,103.62,26.56,2012,2020/01/01,8.7
﻿蒙姑,103.04,26.59,994,2020/01/01,17.7
﻿黄泥河,104.71,25.27,1313,2020/01/01,13.2
﻿大寨,103.32,22.92,1358,2020/01/01,13.7
﻿富民,102.5,25.23,1692.7,2020/01/01,10.7
﻿药山,103.04,27.09,2206,2020/01/01,8.2
﻿勐仑,101.26,21.89,622,2020/01/01,19.2
﻿马街兴隆,103.23,25.21,1762,2020/01/01,10.7
﻿景谷,100.72,23.5,979.2,2020/01/01,14.8
﻿十街,102.16,24.57,1356,2020/01/01,13
﻿黑蛇村,100.65,24.22,1158,2020/01/01,11.9
﻿热作所二队,98.27,24.15,761,2020/01/01,14.5
﻿云龙苗尾,99.18,25.84,1320,2020/01/01,10.8
﻿鱼科站,101.39,24.27,1197,2020/01/01,14.9
﻿云龙关坪,99.51,25.84,2100,2020/01/01,6
﻿永定云龙,101.79,26.02,1645,2020/01/01,13.4
﻿南捞,104.51,23.01,1129,2020/01/01,15.7
﻿三村,101.87,23.26,1525,2020/01/01,15.1
﻿多依树村,100.88,24.61,1447,2020/01/01,10.4
﻿新光,101.79,23.72,1037,2020/01/01,16.8
﻿朝阳村站,102.36,24.69,1922,2020/01/01,9.7
﻿大可小学,103.24,24.62,1689,2020/01/01,12.8
﻿勐根村,99.97,22.33,940,2020/01/01,16.3
﻿通达,101.06,26.61,1743.5,2020/01/01,10.8
﻿鸡街镇,102.78,25.64,2041,2020/01/01,8.5
﻿小街交通站,102.43,24.18,1593,2020/01/01,12.2
﻿嵩阳,103.04,25.34,1921,2020/01/01,11.7
﻿款庄,102.67,25.34,1650,2020/01/01,11.4
﻿江城陈家湾,102.72,24.44,2100,2020/01/01,10.7
﻿勐遮镇,100.27,21.99,1187,2020/01/01,16.9
﻿打黑,102.31,24.43,2118,2020/01/01,9.2
﻿蒙自,103.33,23.44,1313.6,2020/01/01,16.4
﻿云洞,103.2,26.25,2193,2020/01/01,7
﻿新华,101.67,25.72,1520,2020/01/01,13.8
﻿大兴地 ,98.85,26.02,855,2020/01/01,13.5
﻿勐简乡,99.34,23.72,559,2020/01/01,15.5
﻿玉案山,102.63,25.08,2186,2020/01/01,10.3
﻿金殿水库,102.78,25.11,1989,2020/01/01,10
﻿直苴,101.34,26.05,2350,2020/01/01,8.4
﻿勐秀,97.73,24,1420,2020/01/01,12.5
﻿勐大,100.83,24.04,1289,2020/01/01,13.4
﻿六德,100.85,26.55,1882,2020/01/01,8.4
﻿罗平,104.32,24.88,1482.7,2020/01/01,13
﻿菱角,103.67,25.88,2140,2020/01/01,10.2
﻿安乐,98.22,24.75,1660,2020/01/01,10.8
﻿镇沅,101.12,23.99,1105.4,2020/01/01,14.1
﻿那诺,102.12,23.39,1752,2020/01/01,14.1
﻿勐满机关,101.31,21.4,578,2020/01/01,19.3
﻿海邑小学,103.56,24.64,1938,2020/01/01,10.6
﻿罗台旧,102.26,24.6,1650,2020/01/01,11.9
﻿云南大学,102.84,24.83,1941,2020/01/01,12.1
﻿巍山,100.29,25.26,1742.1,2020/01/01,10.1
﻿崇德,102.5,25.48,1695,2020/01/01,10.9
﻿黄葛站,103.87,27.84,731,2020/01/01,10
﻿塘房,104.96,27.48,1572,2020/01/01,5.4
﻿新街,102.72,24.73,1950,2020/01/01,12
﻿莲花滩,103.56,22.89,184,2020/01/01,21.2
﻿高粱地,102.23,24.5,1580,2020/01/01,13.2
﻿巴洒,101.02,21.95,779,2020/01/01,19.5
﻿夹寒箐,104.41,22.9,1525,2020/01/01,13.6
﻿羊街镇,103.12,25.44,1939,2020/01/01,11
﻿东山,104.06,25.25,1950,2020/01/01,10.7
﻿子母嘎,104.72,23.76,1505,2020/01/01,13.5
﻿竹基,104.03,24.91,1840,2020/01/01,10.9
﻿宝华镇,100.5,24.92,1990,2020/01/01,9.5
﻿维则小学,103.41,24.71,1929,2020/01/01,11.8
﻿杨林,103.06,25.25,1918,2020/01/01,11.8
﻿雪山丫口,99.33,28.38,4290,2020/01/01,-7.8
﻿禾甸镇,100.73,25.57,1989,2020/01/01,10.5
﻿木央,105.41,23.45,1428,2020/01/01,13.6
﻿苍岭,101.68,25.05,1822,2020/01/01,9.9
﻿墨翰站,103.73,27.83,1013,2020/01/01,8.2
﻿弥渡牛街,100.52,25.18,1918,2020/01/01,12.7
﻿者东,101.28,24,1027,2020/01/01,14.5
﻿平达,98.93,24.33,1591,2020/01/01,9.8
﻿务基站,103.5,28.11,1300,2020/01/01,6.2
﻿安化,102.67,24.42,1893,2020/01/01,10.4
﻿景福,100.63,24.34,1522,2020/01/01,11.9
﻿翁冷,98.19,24.64,1048,2020/01/01,12.6
﻿西庄,102.76,24.97,1905,2020/01/01,12.9
﻿彩己,102.8,25.7,2119,2020/01/01,8.3
﻿乐白道,103.28,23.83,1170,2020/01/01,18.6
﻿温浏,104.42,24.29,1473,2020/01/01,14.3
﻿勐醒二区,101.37,21.88,565,2020/01/01,18.8
﻿红山,103.14,27.37,1945,2020/01/01,9.1
﻿赵桅,102.5,24.31,1642,2020/01/01,11.1
﻿架车,102.18,23.22,1756,2020/01/01,13.9
﻿洛河,102.38,24.31,1836,2020/01/01,11.1
﻿栗树营水库,100.5,25.23,1700,2020/01/01,10.8
﻿大密腊农气,102.07,24.54,1505,2020/01/01,14.2
﻿水长,99.07,24.92,1603,2020/01/01,11.5
﻿南屏,105.2,23.76,1255,2020/01/01,15.9
﻿巍宝山乡,100.32,25.18,1690,2020/01/01,9.8
﻿班卡,99.45,24.05,1020,2020/01/01,13
﻿林厂,98.28,24.57,859,2020/01/01,13.8
﻿保安村,102.25,24.46,1591,2020/01/01,12.2
﻿越州,103.85,25.28,1829,2020/01/01,12.1
﻿姚安,101.23,25.53,1873.5,2020/01/01,10.6
﻿月牙村委会,102.87,25.9,1990,2020/01/01,9.2
﻿奔子栏,99.3,28.25,2292,2020/01/01,7.8
﻿平河,98.66,24.27,2162,2020/01/01,6.7
﻿富源老厂,104.53,25.23,1970,2020/01/01,10.4
﻿地震救援应急6,102.7,25.11,1892,2020/01/01,0
﻿凉亭,102.77,25.03,1965,2020/01/01,12
﻿美华村,100.04,24.87,1970,2020/01/01,11.4
﻿丙麻,99.37,25.02,1500,2020/01/01,10.8
﻿太平,103.74,27.34,1930,2020/01/01,7.7
﻿新华,103.7,23.26,1775,2020/01/01,12.4
﻿锁溪渡,102.47,24.73,1921,2020/01/01,9.9
﻿小哨,103.18,24.71,1833,2020/01/01,12.2
﻿马树,103.25,26.75,2443.5,2020/01/01,7.7
﻿乐红,103.28,27.17,2162,2020/01/01,9.1
﻿龙街村,103.08,25.25,1939,2020/01/01,11.2
﻿恩祖村委会,102.85,26,1293,2020/01/01,9.1
﻿东风六区,100.63,21.53,700,2020/01/01,21
﻿基多村委会,102.8,26.2,2310,2020/01/01,12.7
﻿霖雨路,102.74,25.11,1950,2020/01/01,12.1
﻿右所,102.98,24.63,1930,2020/01/01,12.3
﻿贾井村,102.5,24.28,1641,2020/01/01,11.1
﻿天星站,103.97,27.84,711,2020/01/01,10.4
﻿海龙村,102.62,24.56,2096,2020/01/01,10.9
﻿新和,99.83,24,1034,2020/01/01,14.6
﻿羊街,102.06,23.44,1852,2020/01/01,13.4
﻿南岸村,100.86,24.67,1449,2020/01/01,11.4
﻿田蓬,105.45,23.3,1594,2020/01/01,12.6
﻿双河,99.88,26.59,2347,2020/01/01,3.3
﻿珠街,104.9,23.75,1684,2020/01/02,12.2
﻿大寨子,103.26,27.52,2035,2020/01/01,7.7
﻿勐佑镇,99.77,24.61,1496,2020/01/01,10.5
﻿中山水库,100.1,23.79,1985,2020/01/01,9.3
﻿老集寨,102.78,22.85,1387,2020/01/01,15.7
﻿中仓村,100.6,24.69,1839,2020/01/01,12
﻿东风一区,100.74,21.74,626,2020/01/01,19.4
﻿归朝,105.85,23.65,521,2020/01/01,18.3
﻿勤丰,102.3,25.19,1861,2020/01/01,10.3
﻿兴街,104.62,23.23,1090,2020/01/02,15.9
﻿旧屋基,104.53,24.86,1573,2020/01/01,12
﻿新会村,101.06,24.11,1076,2020/01/01,13.3
﻿新抚,101.32,23.63,1985,2020/01/01,11.6
﻿云富,104.41,28.63,319,2020/01/01,10.9
﻿会泽老厂,103.17,26.59,2063.3,2020/01/01,10
﻿团田,101.25,23.8,1791,2020/01/01,12.6
﻿耀南站,101.54,24,1890,2020/01/01,11.2
﻿田坝,103.17,27.42,1633,2020/01/01,9.2
﻿鸡街,104.81,23.53,970,2020/01/01,16.3
﻿璋西村,97.86,24.63,767,2020/01/01,13.9
﻿邱山,99.2,23.58,726,2020/01/04,15.6
﻿诺邓,99.38,25.92,1920,2020/01/01,7.7
﻿驾车乡,103.36,25.99,2628,2020/01/01,6.9
﻿大栗树,104.18,23.07,1575,2020/01/01,13.3
﻿普义,101.33,23.02,1206,2020/01/01,14.3
﻿密祉,100.51,25.18,2080,2020/01/01,10.2
﻿关坪,100.89,22.25,882,2020/01/01,15.6
﻿大麦地,101.78,24.3,802,2020/01/01,17.6
﻿大仓镇,100.22,25.35,1906,2020/01/01,10.5
﻿码口,103.3,27.62,1132,2020/01/01,9.6
﻿康照,102.31,25.8,2347,2020/01/01,7
﻿明波立交桥,102.67,25.02,1880,2020/01/01,11.9
﻿野鸭塘,98.35,24.63,990,2020/01/01,12.6
﻿汤池,103.05,24.96,1776,2020/01/01,11.6
﻿兴隆,102.59,24.69,1903,2020/01/01,11.3
﻿巡检司,103.18,23.96,1084,2020/01/01,15.5
﻿凤合大麦地,103.01,25.76,2247,2020/01/01,8.6
﻿木刻村,102.9,25.51,2209,2020/01/01,9.9
﻿地震救援应急5,102.7,25.09,1892,2020/01/01,4.3
﻿团结永靖,102.56,25.12,2200,2020/01/01,8.5
﻿亚尼,102.06,24.19,1445,2020/01/01,11.5
﻿勐阿,100.33,22.19,1072,2020/01/01,15.8
﻿鸡街,103.2,23.48,1250,2020/01/01,16.3
﻿潞江,99.88,24.97,704,2020/01/01,14.2
﻿鹤庆,100.2,26.59,2195.4,2020/01/01,7.5
﻿八街,102.32,24.58,1900,2020/01/03,10.1
﻿勐先,101.2,23.03,1374,2020/01/01,13.2
﻿甸头,102.7,25.34,1944,2020/01/01,9
﻿庙坝站,104.33,27.96,570,2020/01/01,9.7
﻿西泽,103.85,26.24,1812,2020/01/01,9.9
﻿古城,101.15,23.73,1037,2020/01/01,14.9
﻿阿东,98.87,28.59,2810,2020/01/01,2.6
﻿界头机场,98.67,25.45,1703.6,2020/01/01,8.3
﻿水竹站,103.67,27.94,2104,2020/01/01,2.7
﻿光禄,101.2,25.59,1876,2020/01/01,10.3
﻿小铺子,100.1,23.93,1367,2020/01/01,12.1
﻿马街,104.24,25.15,1813,2020/01/01,11.9
﻿尖山,104.94,27.6,1458,2020/01/01,4.6
﻿鹿马登 ,98.87,27.03,1244,2020/01/01,9.8
﻿鲁地拉,100.76,26.21,1645,2020/01/01,12.2
﻿大观站,102.7,25.03,1920,2020/01/01,12.8
﻿九乡,103.38,25.1,1864,2020/01/01,11.9
﻿古登 ,98.9,26.39,1000,2020/01/01,11.5
﻿四街,102.69,24.21,1800,2020/01/01,12.7
﻿柯街,99.45,24.88,1122,2020/01/01,13.7
﻿大营镇,100.46,25.8,1687,2020/01/01,11.5
﻿乐作泥村委会,102.74,25.99,1641,2020/01/01,16
﻿大河边水库,102.49,26.13,2410,2020/01/01,6.5
﻿兰茂小学,103.06,25.24,1940,2020/01/01,11.3
﻿朋普,103.33,23.94,1203,2020/01/01,16.4
﻿龙新,98.82,24.57,1868.9,2020/01/01,7.8
﻿虎街村,102.89,25.86,1997,2020/01/01,9.5
﻿杨柳,99.03,25.23,2368,2020/01/01,5.9
﻿德钦,98.91,28.49,3319,2020/01/01,-1.9
﻿高桥,102.19,25.61,2009,2020/01/01,8.4
﻿巴迪,99,27.87,1850,2020/01/01,5.2
﻿梁子街,98.52,24.82,1920,2020/01/01,9.5
﻿台创园,103.36,24.89,1864,2020/01/01,10.9
﻿易武乡洒代村,101.51,21.93,722,2020/01/01,17.6
﻿禄裱上禄裱村,102.28,24.96,1866,2020/01/01,9.7
﻿鲁冲,103.34,25.61,1923,2020/01/01,10.2
﻿曲石,98.6,25.23,1541,2020/01/01,8.6
﻿普拉底 ,98.78,27.6,1393,2020/01/01,8.1
﻿务德,103.72,26.27,1970,2020/01/01,9.9
﻿多姑村,103.05,25.8,2489,2020/01/01,7.3
﻿上允,99.83,23.06,910,2020/01/01,15.4
﻿贾沙,103.06,23.35,2063,2020/01/01,12
﻿建兴,101.64,23.68,2046,2020/01/01,10.8
﻿兔峨 ,99.13,26.21,1451,2020/01/01,10.1
﻿岳宋,99.38,22.73,1307,2020/01/01,15.6
﻿以古,104.62,27.39,1879,2020/01/02,3.1
﻿路纳,103.28,24.92,1474,2020/01/01,13.8
﻿铁厂,105.04,23.37,1462,2020/01/01,12.7
﻿大风垭口隧道,101.72,23.52,1728,2020/01/01,13.4
﻿上关,100.13,25.96,1976,2020/01/01,9.5
﻿普谷,103.18,27.21,1882,2020/01/01,9
﻿金方思邑村,102.49,24.88,1898,2020/01/01,9.5
﻿镇安,98.83,24.69,1815,2020/01/01,8.9
﻿喜洲,100.14,25.85,1975,2020/01/01,9.4
﻿小街,103.12,25.32,1904,2020/01/01,11.7
﻿乐秋乡,100.05,25,2227,2020/01/01,8.4
﻿者后,101.03,24.14,1167.5,2020/01/01,13.5
﻿昭通,103.72,27.35,1949.5,2020/01/01,8.1
﻿章外,99.97,23.54,1825,2020/01/01,12.5
﻿新现,103.55,23.14,1437,2020/01/01,14.7
﻿永宁,103.68,24.37,1601,2020/01/01,13.3
﻿弥勒,103.45,24.4,1415.5,2020/01/01,14.2
﻿碧寨,99.03,24.56,714,2020/01/01,15.6
﻿阿猛,104.58,23.75,1502,2020/01/01,13.9
﻿永甸糖厂,99.31,24.4,640,2020/01/01,15.6
﻿红旗水库,104,24.14,1491,2020/01/01,14.3
﻿牛洛河,101.89,22.47,898,2020/01/01,16.5
﻿刺桐关交通站,102.56,24.51,1782,2020/01/01,10.8
﻿播乐,104.12,25.83,2064,2020/01/01,9.7
﻿中山,101.57,24.77,2000,2020/01/01,9.2
﻿勐捧,98.97,24.06,1030,2020/01/01,13.7
﻿幸福村委会,102.79,25.97,2364,2020/01/01,8.4
﻿户拉,98.19,24.2,824,2020/01/01,14.7
﻿永定白石岩,102.5,25.31,1977.5,2020/01/01,11.6
﻿耿马,99.39,23.53,1144.1,2020/01/01,13.4
﻿澄江,102.92,24.68,1796.3,2020/01/01,13.1
﻿烂泥箐,100.98,27.22,2880,2020/01/01,3.4
﻿观音山小学,102.66,24.84,1885,2020/01/01,11.1
﻿昔归,100.4,23.92,994.6,2020/01/01,14.2
﻿风景村,102.99,26.19,2698,2020/01/01,12
﻿忙糯,100.02,23.42,1862,2020/01/01,11
﻿民乐,100.48,23.69,1114,2020/01/01,14
﻿新滩站,104.17,28.64,460.6,2020/01/01,12.7
﻿老苍坡隧道,101.58,23.36,1318,2020/01/01,15
﻿期纳,100.63,26.32,1414,2020/01/01,12.3
﻿西二,103.18,24.42,1831,2020/01/01,13.2
﻿法土,104.09,25.45,2477,2020/01/01,7.9
﻿何元,99.12,24.68,1775,2020/01/01,10.5
﻿八街大龙洞村,102.3,24.55,2045,2020/01/01,9.7
﻿小河街,104.16,28.25,382,2020/01/01,10.6
﻿鹤庆松桂,100.21,26.36,1933,2020/01/01,8.4
﻿松棵村,103,25.96,2463,2020/01/01,8.5
﻿勐腊四区8队,101.61,21.53,646,2020/01/02,20.2
﻿蟠猫,101.55,25.49,1805,2020/01/01,9.9
﻿地震救援应急13,102.7,25.23,1892,2020/01/01,10.1
﻿鸡头村,103.59,25.48,2012.1,2020/01/01,10.3
﻿南溪,103.95,22.63,110,2020/01/01,21.6
﻿大理,100.16,25.72,1995,2020/01/01,9.7
﻿后箐,100.47,24.35,1305.5,2020/01/01,13.9
﻿大营街,102.47,24.38,1750,2020/01/01,11
﻿邵女坪,104.29,28.63,416,2020/01/01,10.6
﻿新桥,101.59,25.37,1780,2020/01/01,6.6
﻿江北,100.79,22.04,830,2020/01/01,19.8
﻿六哨乡,102.97,25.62,2360,2020/01/01,8.6
﻿四排山,99.56,23.46,1400,2020/01/04,12.4
﻿青胜,103.86,28.43,961,2020/01/01,6.9
﻿博南镇,99.54,25.43,1695.6,2020/01/01,10.3
﻿高桥站,103.86,28.04,1080,2020/01/01,6.9
﻿维摩,104.25,23.8,1510,2020/01/01,13.7
﻿保甸村,100.52,24.57,1175,2020/01/01,14.2
﻿落雁,104.25,28.19,928,2020/01/01,7.1
﻿异龙,102.47,23.63,1415,2020/01/01,15.5
﻿小坪水库,100.56,26.38,2213,2020/01/01,6
﻿三角海水库,103.3,23.56,1281,2020/01/01,16.1
﻿平坝,104.09,23.25,1755,2020/01/01,12.4
﻿碧多,102.03,24.8,1915,2020/01/01,12.6
﻿雨碌乡,103.59,26.37,2253,2020/01/01,8.3
﻿黄草岭,102.67,22.92,956,2020/01/01,18.2
﻿咪哩,101.85,23.5,1732,2020/01/01,14.3
﻿桂花,101.29,26.09,2119,2020/01/01,9.6
﻿东华,101.49,24.94,1795,2020/01/01,9.5
﻿啦井 ,99.27,26.49,2300,2020/01/01,6.3
﻿徐家坝,101.03,24.54,2491,2020/01/01,6
﻿呈贡,102.83,24.91,1976.6,2020/01/01,11.8
﻿罗川,101.89,24.98,1431,2020/01/01,11.5
﻿阿舍,103.72,23.63,1520,2020/01/01,15.2
﻿大寨,99.41,23.72,1364,2020/01/01,13.6
﻿温卜村,100.74,24.48,1667,2020/01/01,12.3
﻿雨露,101.29,25.09,1920,2020/01/01,10.3
﻿坡头,105.24,27.7,1478,2020/01/01,3.6
﻿芒回水库,99.13,23.25,1301,2020/01/01,12.6
﻿东川区乌龙镇,103.1,26.02,1519,2020/01/11,11.3
﻿积德村,103.1,25.35,1936,2020/01/01,11.5
﻿普文城子,101.05,22.5,940,2020/01/05,16.6
﻿拉乌乡,100.86,25.92,1978,2020/01/01,9.9
﻿湾碧,101.19,26.36,1294,2020/01/01,13.1
﻿大围山,103.7,22.92,1915,2020/01/01,9.8
﻿回洼中山,101.52,21.89,752,2020/01/01,17
﻿青华乡,100.23,25.04,2321.5,2020/01/01,7.4
﻿岳宋村,99.36,22.74,1339,2020/01/01,15.7
﻿上村,103.55,26.12,1671.1,2020/01/01,10.8
﻿龙树村,100.72,24.55,1540,2020/01/01,11.7
﻿龙门乡,99.51,25.52,1719.6,2020/01/01,8.8
﻿户肯,99.58,23.83,1437,2020/01/01,14.3
﻿诺邓天池,99.28,25.87,2610,2020/01/01,4.5
﻿江浪,104.21,25.48,1935,2020/01/01,12.1
﻿沙龙镇,100.6,25.45,1969,2020/01/01,9.8
﻿待补镇,103.43,26.2,2297,2020/01/01,8.9
﻿黎明,99.68,27.03,2260,2020/01/01,4.7
﻿凤凰,103.7,27.31,1891,2020/01/01,9.2
﻿下谷地,100.03,22.64,1381,2020/01/01,14.3
﻿谦迈村,100.17,22.52,1070,2020/01/01,15.2
﻿麦地冲,102.87,25.34,2250,2020/01/01,8.8
﻿小龙洞,103.81,27.33,2077,2020/01/01,9
﻿那旦村,105.79,23.63,553,2020/01/01,16.9
﻿拖枝,99.35,27.18,2399,2020/01/01,3.6
﻿滩头站,104.27,28.32,444,2020/01/01,9.8
﻿磨盘山,101.99,23.94,2494,2020/01/01,8.1
﻿禄裱艾家营村,102.23,24.94,1862,2020/01/01,9.8
﻿嘉禾,101.91,22.73,1386.4,2020/01/01,16.6
﻿三街,101.05,25,1781,2020/01/01,11.2
﻿德安,101.18,23.42,1279,2020/01/01,13.9
﻿一街,100.87,25.16,1627,2020/01/01,9.2
﻿乌龙水井村,103.09,25.98,1825,2020/01/03,13.3
﻿马街,100.85,24.89,1858,2020/01/01,12.2
﻿勐海,100.47,21.96,1222.8,2020/01/01,15
﻿东坪,103.06,27.32,1815,2020/01/01,9.3
﻿河口镇,103.37,25.64,1868,2020/01/01,11.2
﻿团结,102.43,25.15,2102,2020/01/01,9.3
﻿蝉战河,101.17,26.98,2450,2020/01/01,4
﻿六苴,101.35,25.91,1915,2020/01/01,8.7
﻿南糯山,100.6,21.95,1630,2020/01/01,15.5
﻿荣将,101.27,26.58,1152,2020/01/01,12.3
﻿勐啊,99.2,22.18,528,2020/01/01,18.5
﻿高峰,101.86,25.34,2244,2020/01/01,8.3
﻿南岛河,101,22.61,994,2020/01/01,15.3
﻿大屯,103.27,23.43,1303,2020/01/01,15
﻿富邦,99.79,22.92,1840,2020/01/01,12.2
﻿苍山西镇光明,100.03,25.67,2143,2020/01/01,8.6
﻿双龙麦冲,102.8,25.09,2015,2020/01/01,9.4
﻿剑川弥沙,99.66,26.34,2280,2020/01/01,4
﻿长水机场,102.93,25.08,2080,2020/01/01,10.5
﻿九街,102.69,24.11,1821,2020/01/01,12.8
﻿宝丰,102.72,24.94,1913,2020/01/01,12.3
﻿采花坝,100.04,23.88,1870,2020/01/01,10.8
﻿南岭,100,22.71,1400,2020/01/01,14.9
﻿勐远隧道,101.4,21.64,747,2020/01/01,17.9
﻿狗街,103.14,24.79,1532,2020/01/01,13.9
﻿马鹿沟站,103.5,27.13,2036,2020/01/01,9.4
﻿垤玛,101.98,23.28,1490,2020/01/01,15.4
﻿八嘎,104.5,23.45,1191,2020/01/01,15.3
﻿片马 ,98.63,26.01,1786,2020/01/01,7.3
﻿地震救援应急15,102.7,25.26,1892,2020/01/01,11.7
﻿倚象,101.05,22.75,1497,2020/01/01,13.6
﻿新店,103.73,24.03,1872,2020/01/01,12.1
﻿烟厂信用社,102.72,25.11,1920,2020/01/01,12
﻿璋珍,100.3,23.86,1830,2020/01/01,13.3
﻿大街小白坡,102.76,24.23,1920,2020/01/01,11
﻿浪坝,99.58,23.7,1392,2020/01/01,13
﻿小龙潭,103.16,23.78,1200,2020/01/01,16.7
﻿元江农场,102.03,23.55,542,2020/01/01,19.9
﻿毡帽山,101.02,22.82,1924,2020/01/01,13.2
﻿雨林谷大桥,101.2,21.92,608,2020/01/01,18.3
﻿华溪,102.87,24.03,1203,2020/01/01,15.1
﻿苏甲,103.48,27.49,2089,2020/01/01,5.9
﻿坡头村,101.17,24.2,1150,2020/01/01,12.7
﻿勐养曼戈龙,100.95,22.08,937,2020/01/01,17.7
﻿马吉 ,98.83,27.4,1390,2020/01/01,8.6
﻿白得邑,102.75,24.99,1894,2020/01/01,12.8
﻿大营村,103.08,25.36,1937,2020/01/01,11.1
﻿打磨箐村,102.96,25.45,2458,2020/01/01,8
﻿花石头,103.73,26.91,2485,2020/01/01,8.3
﻿姚关,99.24,24.59,1845,2020/01/01,9
﻿轿子山大黑箐,102.85,26.08,3790,2020/01/01,-2.5
﻿盈江,97.95,24.7,826.7,2020/01/01,14.6
﻿福海,102.68,25.01,1910,2020/01/01,11.8
﻿油松岭,98.15,24.71,2117.1,2020/01/01,8.9
﻿温竹村,100.5,24.69,1754,2020/01/01,12.3
﻿白汉,102.96,25.17,2060,2020/01/01,10.4
﻿船房,101.32,26.83,1283,2020/01/01,10.3
﻿市政中心4号楼,102.83,24.88,1917,2020/01/01,12
﻿丰宁,102.68,25.06,1880,2020/01/01,12.7
﻿捧当 ,98.67,27.89,1594,2020/01/01,7.8
﻿林口,105.02,27.51,1793,2020/01/01,4.2
﻿前场,101.37,25.52,2160,2020/01/01,8.8
﻿洛恩,102.31,23.17,1666,2020/01/01,14.8
﻿团田,98.65,24.69,1335,2020/01/01,12.1
﻿牛额,104.68,25.17,1588,2020/01/05,11.8
﻿干河,104.43,23.7,1449,2020/01/01,13.8
﻿腰站村,103.17,25.29,1919,2020/01/01,10.8
﻿挖色,100.28,25.83,2210,2020/01/01,7.6
﻿东村,102.67,25.52,1640,2020/01/01,11.4
﻿石马哨,102.57,24.77,1990,2020/01/07,11
﻿石头,99.85,26.8,1983,2020/01/01,6.4
﻿五山,103.21,24.17,1751,2020/01/01,13.4
﻿马路乡,103.65,26.92,2118,2020/01/01,8.8
﻿法凹,104.41,25.86,2066.2,2020/01/01,10.4
﻿冷泉,103.38,23.2,1642,2020/01/01,13.1
﻿宁利,100.76,27.25,2398,2020/01/01,4.3
﻿矣文,102.66,24.25,1890,2020/01/01,12.7
﻿洞上,104.16,25.73,2023.3,2020/01/01,10.3
﻿太和街道,102.72,25.03,1944,2020/01/01,12.8
﻿子午,101.59,24.87,1805,2020/01/01,9.9
﻿赵家店,101.49,25.82,1768,2020/01/01,12.3
﻿临翔区遮奈,100.8,23.97,1332,2020/01/01,12.4
﻿南诏镇,100.34,25.18,2184,2020/01/01,9.4
﻿头道水,100.1,24.32,1619,2020/01/01,12
﻿召夸,103.69,24.86,2047,2020/01/01,11.1
﻿勐醒一区6队,101.37,21.64,647,2020/01/01,17.1
﻿大坡村,103.07,25.34,2059,2020/01/01,10.7
﻿西一,103.27,24.47,2027,2020/01/01,11.4
﻿南涧公郎,100.3,24.86,1508,2020/01/01,11
﻿妥排,102.45,25.13,2242,2020/01/01,10.7
﻿纳章,103.58,25.27,1967,2020/01/01,9.5
﻿雄关,102.81,24.25,1876,2020/01/01,11.7
﻿柿子,104.17,27.97,614,2020/01/01,8.5
﻿姐告1,97.89,23.99,779,2020/01/01,15.3
﻿凉山,101.96,25.7,2090,2020/01/01,11.4
﻿永平龙街,99.78,25.34,1823.8,2020/01/01,8.9
﻿茂麓村,102.84,26.31,1002,2020/01/01,18.9
﻿五顶山,100.8,24.97,2146,2020/01/01,9.5
﻿元江交通站,101.95,23.63,510,2020/01/01,20.4
﻿地震救援应急7,102.7,25.13,1892,2020/01/01,10.8
﻿辛街,99.18,25.99,1729,2020/01/01,10.3
﻿炎方,104.06,25.91,2106.9,2020/01/01,10.2
﻿舍得,103.85,24.25,2280,2020/01/01,9.7
﻿龙城,102.8,24.89,1910,2020/01/01,12.3
﻿三猛,102.4,22.89,1431,2020/01/01,15.9
﻿昌宁,99.62,24.8,1666.9,2020/01/01,9
﻿皎平渡,102.45,26.13,2230,2020/01/01,6.8
﻿排营烟站,100.38,25.74,1850,2020/01/01,11.6
﻿古城,103.3,26.42,2110,2020/01/01,10.8
﻿贺六,99.89,23.54,1242,2020/01/01,13.4
﻿永兴,101.22,26.84,1618.5,2020/01/01,8.7
﻿林街,100.57,24.46,1130.2,2020/01/02,13.5
﻿勐涝村,100.68,24.63,1687,2020/01/01,12.3
﻿东山,103.64,24.27,1984,2020/01/01,11.4
﻿大文清平水库,99.94,23.39,2008,2020/01/01,9.5
﻿斗南,102.79,24.91,1900,2020/01/01,12.4
﻿中营,102.74,24.95,1892,2020/01/01,12.8
﻿石龙坝,101.36,26.59,1132,2020/01/01,12.5
﻿雪山乡,102.89,26.02,2632,2020/01/01,8.3
﻿昆明,102.65,25,1888.1,2020/01/01,11
﻿西邑,99.27,24.99,1644,2020/01/01,10.3
﻿北大营,103.43,25.6,2040,2020/01/01,10.6
﻿对方村,102.68,25.38,2402,2020/01/01,8.7
﻿勐腊,101.58,21.47,633.4,2020/01/01,18.6
﻿大梨园,100.72,26.65,2676,2020/01/01,5.9
﻿芒柳,98.85,25.13,784,2020/01/01,14.7
﻿盘河,103.89,27.57,1812,2020/01/01,4.1
﻿赤鹫,102.51,25.36,1665,2020/01/01,11.2
﻿苴力,100.45,25.27,1540,2020/01/01,11
﻿明月,103.35,25.12,1740,2020/01/01,10.4
﻿普文镇,101.06,22.51,880,2020/01/01,16.5
﻿复兴水库,102.88,25.1,2057,2020/01/01,9
﻿南涧镇,100.52,24.77,2150,2020/01/01,9.1
﻿蚂蚁堆,100.07,24.09,1116,2020/01/01,13.1
﻿安宁,102.5,24.92,1893.4,2020/01/01,11
﻿剑川沙溪,99.85,26.34,2200,2020/01/01,5.5
﻿安龙堡,101.96,24.41,1857,2020/01/01,12.3
﻿悦乐站,103.78,27.83,1193,2020/01/01,6.7
﻿云龙乡,102.42,25.85,2202,2020/01/01,7.8
﻿普雄,103.03,23.52,1925,2020/01/01,12.1
﻿罗布站,105.05,27.96,635,2020/01/01,8.8
﻿勐伴,101.64,21.73,738,2020/01/01,18.7
﻿高大,102.71,23.99,1427,2020/01/01,13.1
﻿道院村,103.29,25.55,1872,2020/01/01,10.7
﻿腻脚,103.86,24.04,2084,2020/01/01,11.3
﻿三岔河镇,99.87,24.43,1320,2020/01/01,12.1
﻿坝心乡,104.03,23.4,1890,2020/01/01,13.7
﻿蔓耗,103.35,23.02,200,2020/01/01,20.8
﻿西山村,102.96,25.36,2016,2020/01/01,10
﻿金星立交桥,102.72,25.08,1930,2020/01/01,12.7
﻿八道哨,104.08,24.1,1453,2020/01/01,15.2
﻿云龙团结,99.58,25.75,2000,2020/01/01,6.8
﻿祖莫,103.45,24.74,1946,2020/01/01,11.3
﻿大理,100.18,25.71,1977.7,2020/01/01,9.6
